prim_db	prim_id	prim_alt	prim_cons	sec_db	sec_id	sec_alt	sec_cons	trim_left	trim_right	red_db	red_id	red_alt	E-value	gap	orient	count	total	adj_p-value	p-value
meme.xml	GCCTCAGCCTCCYAARKWGCTGGGATTACA	MEME-2	GCCTCAGCCTCCYAARKWGCTGGGATTACA	JASPAR_CORE_2016_vertebrates	MA0719.1	RHOXF1	NTRATCCN	1	1	.	.	.	2.26e-20	4	8	20	75	3.68e-27	3.31e-26
meme.xml	GCCTCAGCCTCCYAARKWGCTGGGATTACA	MEME-2	GCCTCAGCCTCCYAARKWGCTGGGATTACA	JASPAR_CORE_2016_vertebrates	MA0719.1	RHOXF1	NTRATCCN	1	1	.	.	.	2.26e-20	4	2	11	75	1.97e-19	1.77e-18
meme.xml	GCCTCAGCCTCCYAARKWGCTGGGATTACA	MEME-2	GCCTCAGCCTCCYAARKWGCTGGGATTACA	JASPAR_CORE_2016_vertebrates	MA0719.1	RHOXF1	NTRATCCN	1	1	.	.	.	2.26e-20	4	6	11	75	3.64e-16	3.28e-15
meme.xml	GCCTCAGCCTCCYAARKWGCTGGGATTACA	MEME-2	GCCTCAGCCTCCYAARKWGCTGGGATTACA	JASPAR_CORE_2016_vertebrates	MA0719.1	RHOXF1	NTRATCCN	1	1	.	.	.	2.26e-20	4	7	11	75	3.64e-16	3.28e-15
meme.xml	GCCTCAGCCTCCYAARKWGCTGGGATTACA	MEME-2	GCCTCAGCCTCCYAARKWGCTGGGATTACA	JASPAR_CORE_2016_vertebrates	MA0719.1	RHOXF1	NTRATCCN	1	1	.	.	.	2.26e-20	4	0	9	75	1.70e-15	1.53e-14
meme.xml	GCCTCAGCCTCCYAARKWGCTGGGATTACA	MEME-2	GCCTCAGCCTCCYAARKWGCTGGGATTACA	JASPAR_CORE_2016_vertebrates	MA0719.1	RHOXF1	NTRATCCN	1	1	.	.	.	2.26e-20	4	4	9	75	7.84e-13	7.05e-12
meme.xml	GCCTCAGCCTCCYAARKWGCTGGGATTACA	MEME-2	GCCTCAGCCTCCYAARKWGCTGGGATTACA	JASPAR_CORE_2016_vertebrates	MA0719.1	RHOXF1	NTRATCCN	1	1	.	.	.	2.26e-20	4	5	9	75	7.84e-13	7.05e-12
meme.xml	GCCTCAGCCTCCYAARKWGCTGGGATTACA	MEME-2	GCCTCAGCCTCCYAARKWGCTGGGATTACA	JASPAR_CORE_2016_vertebrates	MA0093.2	USF1	VYCAYGTGACC	2	0	JASPAR_CORE_2016_vertebrates	MA0719.1	RHOXF1	9.86e-15	5	0	9	19	1.64e-21	1.48e-20
meme.xml	GCCTCAGCCTCCYAARKWGCTGGGATTACA	MEME-2	GCCTCAGCCTCCYAARKWGCTGGGATTACA	JASPAR_CORE_2016_vertebrates	MA0093.2	USF1	VYCAYGTGACC	2	0	JASPAR_CORE_2016_vertebrates	MA0719.1	RHOXF1	9.86e-15	5	4	9	19	8.27e-19	7.45e-18
meme.xml	GCCTCAGCCTCCYAARKWGCTGGGATTACA	MEME-2	GCCTCAGCCTCCYAARKWGCTGGGATTACA	JASPAR_CORE_2016_vertebrates	MA0093.2	USF1	VYCAYGTGACC	2	0	JASPAR_CORE_2016_vertebrates	MA0719.1	RHOXF1	9.86e-15	5	5	9	19	8.27e-19	7.45e-18
meme.xml	GCCTCAGCCTCCYAARKWGCTGGGATTACA	MEME-2	GCCTCAGCCTCCYAARKWGCTGGGATTACA	JASPAR_CORE_2016_vertebrates	MA0093.2	USF1	VYCAYGTGACC	2	0	JASPAR_CORE_2016_vertebrates	MA0719.1	RHOXF1	9.86e-15	5	8	9	19	4.10e-16	3.69e-15
meme.xml	GCCTCAGCCTCCYAARKWGCTGGGATTACA	MEME-2	GCCTCAGCCTCCYAARKWGCTGGGATTACA	JASPAR_CORE_2016_vertebrates	MA0620.1	Mitf	NRTCACGWGN	1	1	JASPAR_CORE_2016_vertebrates	MA0719.1	RHOXF1	1.02e-06	6	1	6	21	1.68e-13	1.51e-12
meme.xml	GCCTCAGCCTCCYAARKWGCTGGGATTACA	MEME-2	GCCTCAGCCTCCYAARKWGCTGGGATTACA	JASPAR_CORE_2016_vertebrates	MA0620.1	Mitf	NRTCACGWGN	1	1	JASPAR_CORE_2016_vertebrates	MA0719.1	RHOXF1	1.02e-06	6	4	6	21	1.05e-11	9.48e-11
meme.xml	GCCTCAGCCTCCYAARKWGCTGGGATTACA	MEME-2	GCCTCAGCCTCCYAARKWGCTGGGATTACA	JASPAR_CORE_2016_vertebrates	MA0620.1	Mitf	NRTCACGWGN	1	1	JASPAR_CORE_2016_vertebrates	MA0719.1	RHOXF1	1.02e-06	6	6	6	21	1.05e-11	9.48e-11
meme.xml	GCCTCAGCCTCCYAARKWGCTGGGATTACA	MEME-2	GCCTCAGCCTCCYAARKWGCTGGGATTACA	JASPAR_CORE_2016_vertebrates	MA0620.1	Mitf	NRTCACGWGN	1	1	JASPAR_CORE_2016_vertebrates	MA0719.1	RHOXF1	1.02e-06	6	8	6	21	6.44e-10	5.80e-09
meme.xml	GCCTCAGCCTCCYAARKWGCTGGGATTACA	MEME-2	GCCTCAGCCTCCYAARKWGCTGGGATTACA	JASPAR_CORE_2016_vertebrates	MA0620.1	Mitf	NRTCACGWGN	1	1	JASPAR_CORE_2016_vertebrates	MA0719.1	RHOXF1	1.02e-06	14	1	4	21	6.07e-09	5.46e-08
meme.xml	GCCTCAGCCTCCYAARKWGCTGGGATTACA	MEME-2	GCCTCAGCCTCCYAARKWGCTGGGATTACA	JASPAR_CORE_2016_vertebrates	MA0620.1	Mitf	NRTCACGWGN	1	1	JASPAR_CORE_2016_vertebrates	MA0719.1	RHOXF1	1.02e-06	14	4	4	21	9.48e-08	8.53e-07
meme.xml	GCCTCAGCCTCCYAARKWGCTGGGATTACA	MEME-2	GCCTCAGCCTCCYAARKWGCTGGGATTACA	JASPAR_CORE_2016_vertebrates	MA0620.1	Mitf	NRTCACGWGN	1	1	JASPAR_CORE_2016_vertebrates	MA0719.1	RHOXF1	1.02e-06	14	6	4	21	9.48e-08	8.53e-07
meme.xml	GCCTCAGCCTCCYAARKWGCTGGGATTACA	MEME-2	GCCTCAGCCTCCYAARKWGCTGGGATTACA	JASPAR_CORE_2016_vertebrates	MA0620.1	Mitf	NRTCACGWGN	1	1	JASPAR_CORE_2016_vertebrates	MA0719.1	RHOXF1	1.02e-06	14	8	4	21	1.45e-06	1.30e-05
meme.xml	GCCTCAGCCTCCYAARKWGCTGGGATTACA	MEME-2	GCCTCAGCCTCCYAARKWGCTGGGATTACA	JASPAR_CORE_2016_vertebrates	MA0745.1	SNAI2	DRCAGGTGB	1	1	JASPAR_CORE_2016_vertebrates	MA0719.1	RHOXF1	1.06e-05	8	0	6	30	1.74e-12	1.57e-11
meme.xml	GCCTCAGCCTCCYAARKWGCTGGGATTACA	MEME-2	GCCTCAGCCTCCYAARKWGCTGGGATTACA	JASPAR_CORE_2016_vertebrates	MA0745.1	SNAI2	DRCAGGTGB	1	1	JASPAR_CORE_2016_vertebrates	MA0719.1	RHOXF1	1.06e-05	8	4	6	30	1.08e-10	9.69e-10
meme.xml	GCCTCAGCCTCCYAARKWGCTGGGATTACA	MEME-2	GCCTCAGCCTCCYAARKWGCTGGGATTACA	JASPAR_CORE_2016_vertebrates	MA0745.1	SNAI2	DRCAGGTGB	1	1	JASPAR_CORE_2016_vertebrates	MA0719.1	RHOXF1	1.06e-05	8	5	6	30	1.08e-10	9.69e-10
meme.xml	GCCTCAGCCTCCYAARKWGCTGGGATTACA	MEME-2	GCCTCAGCCTCCYAARKWGCTGGGATTACA	JASPAR_CORE_2016_vertebrates	MA0745.1	SNAI2	DRCAGGTGB	1	1	JASPAR_CORE_2016_vertebrates	MA0719.1	RHOXF1	1.06e-05	8	8	6	30	6.41e-09	5.77e-08
meme.xml	GCCTCAGCCTCCYAARKWGCTGGGATTACA	MEME-2	GCCTCAGCCTCCYAARKWGCTGGGATTACA	JASPAR_CORE_2016_vertebrates	MA0745.1	SNAI2	DRCAGGTGB	1	1	JASPAR_CORE_2016_vertebrates	MA0719.1	RHOXF1	1.06e-05	14	3	4	30	2.67e-08	2.40e-07
meme.xml	GCCTCAGCCTCCYAARKWGCTGGGATTACA	MEME-2	GCCTCAGCCTCCYAARKWGCTGGGATTACA	JASPAR_CORE_2016_vertebrates	MA0745.1	SNAI2	DRCAGGTGB	1	1	JASPAR_CORE_2016_vertebrates	MA0719.1	RHOXF1	1.06e-05	14	5	4	30	4.12e-07	3.71e-06
meme.xml	GCCTCAGCCTCCYAARKWGCTGGGATTACA	MEME-2	GCCTCAGCCTCCYAARKWGCTGGGATTACA	JASPAR_CORE_2016_vertebrates	MA0745.1	SNAI2	DRCAGGTGB	1	1	JASPAR_CORE_2016_vertebrates	MA0719.1	RHOXF1	1.06e-05	14	7	4	30	4.12e-07	3.71e-06
meme.xml	GCCTCAGCCTCCYAARKWGCTGGGATTACA	MEME-2	GCCTCAGCCTCCYAARKWGCTGGGATTACA	JASPAR_CORE_2016_vertebrates	MA0745.1	SNAI2	DRCAGGTGB	1	1	JASPAR_CORE_2016_vertebrates	MA0719.1	RHOXF1	1.06e-05	101	0	3	30	2.28e-06	2.05e-05
meme.xml	GCCTCAGCCTCCYAARKWGCTGGGATTACA	MEME-2	GCCTCAGCCTCCYAARKWGCTGGGATTACA	JASPAR_CORE_2016_vertebrates	MA0871.1	TFEC	RTCACRTGAB	0	0	JASPAR_CORE_2016_vertebrates	MA0719.1	RHOXF1	1.58e-05	6	4	6	17	2.64e-12	2.38e-11
meme.xml	GCCTCAGCCTCCYAARKWGCTGGGATTACA	MEME-2	GCCTCAGCCTCCYAARKWGCTGGGATTACA	JASPAR_CORE_2016_vertebrates	MA0871.1	TFEC	RTCACRTGAB	0	0	JASPAR_CORE_2016_vertebrates	MA0719.1	RHOXF1	1.58e-05	6	8	6	17	1.64e-10	1.47e-09
meme.xml	GCCTCAGCCTCCYAARKWGCTGGGATTACA	MEME-2	GCCTCAGCCTCCYAARKWGCTGGGATTACA	JASPAR_CORE_2016_vertebrates	MA0871.1	TFEC	RTCACRTGAB	0	0	JASPAR_CORE_2016_vertebrates	MA0719.1	RHOXF1	1.58e-05	6	1	4	17	2.57e-09	2.31e-08
meme.xml	GCCTCAGCCTCCYAARKWGCTGGGATTACA	MEME-2	GCCTCAGCCTCCYAARKWGCTGGGATTACA	JASPAR_CORE_2016_vertebrates	MA0871.1	TFEC	RTCACRTGAB	0	0	JASPAR_CORE_2016_vertebrates	MA0719.1	RHOXF1	1.58e-05	14	4	4	17	4.03e-08	3.63e-07
meme.xml	GCCTCAGCCTCCYAARKWGCTGGGATTACA	MEME-2	GCCTCAGCCTCCYAARKWGCTGGGATTACA	JASPAR_CORE_2016_vertebrates	MA0871.1	TFEC	RTCACRTGAB	0	0	JASPAR_CORE_2016_vertebrates	MA0719.1	RHOXF1	1.58e-05	6	6	4	17	4.03e-08	3.63e-07
meme.xml	GCCTCAGCCTCCYAARKWGCTGGGATTACA	MEME-2	GCCTCAGCCTCCYAARKWGCTGGGATTACA	JASPAR_CORE_2016_vertebrates	MA0871.1	TFEC	RTCACRTGAB	0	0	JASPAR_CORE_2016_vertebrates	MA0719.1	RHOXF1	1.58e-05	14	1	3	17	4.13e-07	3.72e-06
meme.xml	GCCTCAGCCTCCYAARKWGCTGGGATTACA	MEME-2	GCCTCAGCCTCCYAARKWGCTGGGATTACA	JASPAR_CORE_2016_vertebrates	MA0871.1	TFEC	RTCACRTGAB	0	0	JASPAR_CORE_2016_vertebrates	MA0719.1	RHOXF1	1.58e-05	14	8	4	17	6.21e-07	5.59e-06
meme.xml	GCCTCAGCCTCCYAARKWGCTGGGATTACA	MEME-2	GCCTCAGCCTCCYAARKWGCTGGGATTACA	JASPAR_CORE_2016_vertebrates	MA0871.1	TFEC	RTCACRTGAB	0	0	JASPAR_CORE_2016_vertebrates	MA0719.1	RHOXF1	1.58e-05	14	6	3	17	3.25e-06	2.92e-05
meme.xml	GCCTCAGCCTCCYAARKWGCTGGGATTACA	MEME-2	GCCTCAGCCTCCYAARKWGCTGGGATTACA	JASPAR_CORE_2016_vertebrates	MA0494.1	Nr1h3::Rxra	TGACCTNNAGTRACCYYDN	0	3	JASPAR_CORE_2016_vertebrates	MA0719.1	RHOXF1	1.00e-02	4	0	4	15	1.75e-09	1.58e-08
meme.xml	GCCTCAGCCTCCYAARKWGCTGGGATTACA	MEME-2	GCCTCAGCCTCCYAARKWGCTGGGATTACA	JASPAR_CORE_2016_vertebrates	MA0494.1	Nr1h3::Rxra	TGACCTNNAGTRACCYYDN	0	3	JASPAR_CORE_2016_vertebrates	MA0719.1	RHOXF1	1.00e-02	4	8	5	15	6.99e-09	6.30e-08
meme.xml	GCCTCAGCCTCCYAARKWGCTGGGATTACA	MEME-2	GCCTCAGCCTCCYAARKWGCTGGGATTACA	JASPAR_CORE_2016_vertebrates	MA0494.1	Nr1h3::Rxra	TGACCTNNAGTRACCYYDN	0	3	JASPAR_CORE_2016_vertebrates	MA0719.1	RHOXF1	1.00e-02	4	4	4	15	2.76e-08	2.49e-07
meme.xml	GCCTCAGCCTCCYAARKWGCTGGGATTACA	MEME-2	GCCTCAGCCTCCYAARKWGCTGGGATTACA	JASPAR_CORE_2016_vertebrates	MA0494.1	Nr1h3::Rxra	TGACCTNNAGTRACCYYDN	0	3	JASPAR_CORE_2016_vertebrates	MA0719.1	RHOXF1	1.00e-02	4	5	4	15	2.76e-08	2.49e-07
meme.xml	GCCTCAGCCTCCYAARKWGCTGGGATTACA	MEME-2	GCCTCAGCCTCCYAARKWGCTGGGATTACA	JASPAR_CORE_2016_vertebrates	MA0063.1	Nkx2-5	WTAAKTG	0	0	JASPAR_CORE_2016_vertebrates	MA0719.1	RHOXF1	1.44e-02	8	0	4	17	2.36e-09	2.12e-08
meme.xml	GCCTCAGCCTCCYAARKWGCTGGGATTACA	MEME-2	GCCTCAGCCTCCYAARKWGCTGGGATTACA	JASPAR_CORE_2016_vertebrates	MA0063.1	Nkx2-5	WTAAKTG	0	0	JASPAR_CORE_2016_vertebrates	MA0719.1	RHOXF1	1.44e-02	8	4	4	17	3.71e-08	3.34e-07
meme.xml	GCCTCAGCCTCCYAARKWGCTGGGATTACA	MEME-2	GCCTCAGCCTCCYAARKWGCTGGGATTACA	JASPAR_CORE_2016_vertebrates	MA0063.1	Nkx2-5	WTAAKTG	0	0	JASPAR_CORE_2016_vertebrates	MA0719.1	RHOXF1	1.44e-02	8	5	4	17	3.71e-08	3.34e-07
meme.xml	GCCTCAGCCTCCYAARKWGCTGGGATTACA	MEME-2	GCCTCAGCCTCCYAARKWGCTGGGATTACA	JASPAR_CORE_2016_vertebrates	MA0063.1	Nkx2-5	WTAAKTG	0	0	JASPAR_CORE_2016_vertebrates	MA0719.1	RHOXF1	1.44e-02	8	8	4	17	5.72e-07	5.15e-06
meme.xml	GCCTCAGCCTCCYAARKWGCTGGGATTACA	MEME-2	GCCTCAGCCTCCYAARKWGCTGGGATTACA	JASPAR_CORE_2016_vertebrates	MA0728.1	Nr2f6(var.2)	RAGGTCAARAGGTCA	0	0	JASPAR_CORE_2016_vertebrates	MA0719.1	RHOXF1	1.38e-01	3	1	3	7	2.40e-08	2.16e-07
meme.xml	GCCTCAGCCTCCYAARKWGCTGGGATTACA	MEME-2	GCCTCAGCCTCCYAARKWGCTGGGATTACA	JASPAR_CORE_2016_vertebrates	MA0728.1	Nr2f6(var.2)	RAGGTCAARAGGTCA	0	0	JASPAR_CORE_2016_vertebrates	MA0719.1	RHOXF1	1.38e-01	3	4	3	7	1.91e-07	1.72e-06
meme.xml	GCCTCAGCCTCCYAARKWGCTGGGATTACA	MEME-2	GCCTCAGCCTCCYAARKWGCTGGGATTACA	JASPAR_CORE_2016_vertebrates	MA0728.1	Nr2f6(var.2)	RAGGTCAARAGGTCA	0	0	JASPAR_CORE_2016_vertebrates	MA0719.1	RHOXF1	1.38e-01	3	6	3	7	1.91e-07	1.72e-06
meme.xml	GCCTCAGCCTCCYAARKWGCTGGGATTACA	MEME-2	GCCTCAGCCTCCYAARKWGCTGGGATTACA	JASPAR_CORE_2016_vertebrates	MA0728.1	Nr2f6(var.2)	RAGGTCAARAGGTCA	0	0	JASPAR_CORE_2016_vertebrates	MA0719.1	RHOXF1	1.38e-01	3	8	3	7	1.51e-06	1.36e-05
meme.xml	GCCTCAGCCTCCYAARKWGCTGGGATTACA	MEME-2	GCCTCAGCCTCCYAARKWGCTGGGATTACA	JASPAR_CORE_2016_vertebrates	MA0478.1	FOSL2	KRRTGASTCAB	1	0	.	.	.	1.85e-17	3	3	10	19	3.11e-24	2.80e-23
meme.xml	GCCTCAGCCTCCYAARKWGCTGGGATTACA	MEME-2	GCCTCAGCCTCCYAARKWGCTGGGATTACA	JASPAR_CORE_2016_vertebrates	MA0478.1	FOSL2	KRRTGASTCAB	1	0	.	.	.	1.85e-17	3	5	10	19	3.13e-21	2.82e-20
meme.xml	GCCTCAGCCTCCYAARKWGCTGGGATTACA	MEME-2	GCCTCAGCCTCCYAARKWGCTGGGATTACA	JASPAR_CORE_2016_vertebrates	MA0478.1	FOSL2	KRRTGASTCAB	1	0	.	.	.	1.85e-17	3	7	10	19	3.13e-21	2.82e-20
meme.xml	GCCTCAGCCTCCYAARKWGCTGGGATTACA	MEME-2	GCCTCAGCCTCCYAARKWGCTGGGATTACA	JASPAR_CORE_2016_vertebrates	MA0478.1	FOSL2	KRRTGASTCAB	1	0	.	.	.	1.85e-17	3	8	10	19	3.12e-18	2.81e-17
meme.xml	GCCTCAGCCTCCYAARKWGCTGGGATTACA	MEME-2	GCCTCAGCCTCCYAARKWGCTGGGATTACA	JASPAR_CORE_2016_vertebrates	MA0102.3	CEBPA	ATTGCAYAAYH	0	1	.	.	.	3.64e-09	45	4	7	12	6.11e-16	5.50e-15
meme.xml	GCCTCAGCCTCCYAARKWGCTGGGATTACA	MEME-2	GCCTCAGCCTCCYAARKWGCTGGGATTACA	JASPAR_CORE_2016_vertebrates	MA0102.3	CEBPA	ATTGCAYAAYH	0	1	.	.	.	3.64e-09	45	0	6	12	3.16e-15	2.84e-14
meme.xml	GCCTCAGCCTCCYAARKWGCTGGGATTACA	MEME-2	GCCTCAGCCTCCYAARKWGCTGGGATTACA	JASPAR_CORE_2016_vertebrates	MA0102.3	CEBPA	ATTGCAYAAYH	0	1	.	.	.	3.64e-09	45	8	7	12	7.70e-14	6.93e-13
meme.xml	GCCTCAGCCTCCYAARKWGCTGGGATTACA	MEME-2	GCCTCAGCCTCCYAARKWGCTGGGATTACA	JASPAR_CORE_2016_vertebrates	MA0102.3	CEBPA	ATTGCAYAAYH	0	1	.	.	.	3.64e-09	45	5	6	12	2.00e-13	1.80e-12
meme.xml	GCCTCAGCCTCCYAARKWGCTGGGATTACA	MEME-2	GCCTCAGCCTCCYAARKWGCTGGGATTACA	meme.xml	TGGSCRACAKRGTRARACYCYRTCTCWAM	MEME-1	TGGSCRACAKRGTRARACYCYRTCTCWAM	0	0	meme.xml	MA0102.3	CEBPA	2.42e-05	37	1	6	30	4.68e-12	4.21e-11
meme.xml	GCCTCAGCCTCCYAARKWGCTGGGATTACA	MEME-2	GCCTCAGCCTCCYAARKWGCTGGGATTACA	meme.xml	TGGSCRACAKRGTRARACYCYRTCTCWAM	MEME-1	TGGSCRACAKRGTRARACYCYRTCTCWAM	0	0	meme.xml	MA0102.3	CEBPA	2.42e-05	37	4	6	30	2.87e-10	2.59e-09
meme.xml	GCCTCAGCCTCCYAARKWGCTGGGATTACA	MEME-2	GCCTCAGCCTCCYAARKWGCTGGGATTACA	meme.xml	TGGSCRACAKRGTRARACYCYRTCTCWAM	MEME-1	TGGSCRACAKRGTRARACYCYRTCTCWAM	0	0	meme.xml	MA0102.3	CEBPA	2.42e-05	37	6	6	30	2.87e-10	2.59e-09
meme.xml	GCCTCAGCCTCCYAARKWGCTGGGATTACA	MEME-2	GCCTCAGCCTCCYAARKWGCTGGGATTACA	meme.xml	TGGSCRACAKRGTRARACYCYRTCTCWAM	MEME-1	TGGSCRACAKRGTRARACYCYRTCTCWAM	0	0	meme.xml	MA0102.3	CEBPA	2.42e-05	37	8	6	30	1.69e-08	1.52e-07
meme.xml	GCCTCAGCCTCCYAARKWGCTGGGATTACA	MEME-2	GCCTCAGCCTCCYAARKWGCTGGGATTACA	meme.xml	TGGSCRACAKRGTRARACYCYRTCTCWAM	MEME-1	TGGSCRACAKRGTRARACYCYRTCTCWAM	0	0	meme.xml	MA0102.3	CEBPA	2.42e-05	68	1	4	30	5.15e-08	4.63e-07
meme.xml	GCCTCAGCCTCCYAARKWGCTGGGATTACA	MEME-2	GCCTCAGCCTCCYAARKWGCTGGGATTACA	meme.xml	TGGSCRACAKRGTRARACYCYRTCTCWAM	MEME-1	TGGSCRACAKRGTRARACYCYRTCTCWAM	0	0	meme.xml	MA0102.3	CEBPA	2.42e-05	40	3	4	30	5.15e-08	4.63e-07
meme.xml	GCCTCAGCCTCCYAARKWGCTGGGATTACA	MEME-2	GCCTCAGCCTCCYAARKWGCTGGGATTACA	meme.xml	TGGSCRACAKRGTRARACYCYRTCTCWAM	MEME-1	TGGSCRACAKRGTRARACYCYRTCTCWAM	0	0	meme.xml	MA0102.3	CEBPA	2.42e-05	68	4	4	30	7.89e-07	7.10e-06
meme.xml	GCCTCAGCCTCCYAARKWGCTGGGATTACA	MEME-2	GCCTCAGCCTCCYAARKWGCTGGGATTACA	meme.xml	TGGSCRACAKRGTRARACYCYRTCTCWAM	MEME-1	TGGSCRACAKRGTRARACYCYRTCTCWAM	0	0	meme.xml	MA0102.3	CEBPA	2.42e-05	40	5	4	30	7.89e-07	7.10e-06
meme.xml	GCCTCAGCCTCCYAARKWGCTGGGATTACA	MEME-2	GCCTCAGCCTCCYAARKWGCTGGGATTACA	meme.xml	TGGSCRACAKRGTRARACYCYRTCTCWAM	MEME-1	TGGSCRACAKRGTRARACYCYRTCTCWAM	0	0	meme.xml	MA0102.3	CEBPA	2.42e-05	68	6	4	30	7.89e-07	7.10e-06
meme.xml	GCCTCAGCCTCCYAARKWGCTGGGATTACA	MEME-2	GCCTCAGCCTCCYAARKWGCTGGGATTACA	meme.xml	TGGSCRACAKRGTRARACYCYRTCTCWAM	MEME-1	TGGSCRACAKRGTRARACYCYRTCTCWAM	0	0	meme.xml	MA0102.3	CEBPA	2.42e-05	40	7	4	30	7.89e-07	7.10e-06
meme.xml	GCCTCAGCCTCCYAARKWGCTGGGATTACA	MEME-2	GCCTCAGCCTCCYAARKWGCTGGGATTACA	meme.xml	TGGSCRACAKRGTRARACYCYRTCTCWAM	MEME-1	TGGSCRACAKRGTRARACYCYRTCTCWAM	0	0	meme.xml	MA0102.3	CEBPA	2.42e-05	35	1	3	30	3.72e-06	3.35e-05
meme.xml	GCCTCAGCCTCCYAARKWGCTGGGATTACA	MEME-2	GCCTCAGCCTCCYAARKWGCTGGGATTACA	JASPAR_CORE_2016_vertebrates	MA0095.2	YY1	CAARATGGCBGC	0	0	JASPAR_CORE_2016_vertebrates	MA0102.3	CEBPA	1.86e-04	41	1	5	20	3.17e-11	2.85e-10
meme.xml	GCCTCAGCCTCCYAARKWGCTGGGATTACA	MEME-2	GCCTCAGCCTCCYAARKWGCTGGGATTACA	JASPAR_CORE_2016_vertebrates	MA0095.2	YY1	CAARATGGCBGC	0	0	JASPAR_CORE_2016_vertebrates	MA0102.3	CEBPA	1.86e-04	41	4	5	20	9.92e-10	8.93e-09
meme.xml	GCCTCAGCCTCCYAARKWGCTGGGATTACA	MEME-2	GCCTCAGCCTCCYAARKWGCTGGGATTACA	JASPAR_CORE_2016_vertebrates	MA0095.2	YY1	CAARATGGCBGC	0	0	JASPAR_CORE_2016_vertebrates	MA0102.3	CEBPA	1.86e-04	41	6	5	20	9.92e-10	8.93e-09
meme.xml	GCCTCAGCCTCCYAARKWGCTGGGATTACA	MEME-2	GCCTCAGCCTCCYAARKWGCTGGGATTACA	JASPAR_CORE_2016_vertebrates	MA0095.2	YY1	CAARATGGCBGC	0	0	JASPAR_CORE_2016_vertebrates	MA0102.3	CEBPA	1.86e-04	41	8	5	20	3.03e-08	2.73e-07
meme.xml	GCCTCAGCCTCCYAARKWGCTGGGATTACA	MEME-2	GCCTCAGCCTCCYAARKWGCTGGGATTACA	JASPAR_CORE_2016_vertebrates	MA0095.2	YY1	CAARATGGCBGC	0	0	JASPAR_CORE_2016_vertebrates	MA0102.3	CEBPA	1.86e-04	53	3	3	20	7.20e-07	6.48e-06
meme.xml	GCCTCAGCCTCCYAARKWGCTGGGATTACA	MEME-2	GCCTCAGCCTCCYAARKWGCTGGGATTACA	JASPAR_CORE_2016_vertebrates	MA0019.1	Ddit3::Cebpa	VNRTGCAATMCC	2	0	JASPAR_CORE_2016_vertebrates	MA0102.3	CEBPA	5.55e-03	48	1	5	38	9.31e-10	8.38e-09
meme.xml	GCCTCAGCCTCCYAARKWGCTGGGATTACA	MEME-2	GCCTCAGCCTCCYAARKWGCTGGGATTACA	JASPAR_CORE_2016_vertebrates	MA0019.1	Ddit3::Cebpa	VNRTGCAATMCC	2	0	JASPAR_CORE_2016_vertebrates	MA0102.3	CEBPA	5.55e-03	48	4	5	38	2.84e-08	2.55e-07
meme.xml	GCCTCAGCCTCCYAARKWGCTGGGATTACA	MEME-2	GCCTCAGCCTCCYAARKWGCTGGGATTACA	JASPAR_CORE_2016_vertebrates	MA0019.1	Ddit3::Cebpa	VNRTGCAATMCC	2	0	JASPAR_CORE_2016_vertebrates	MA0102.3	CEBPA	5.55e-03	48	6	5	38	2.84e-08	2.55e-07
meme.xml	GCCTCAGCCTCCYAARKWGCTGGGATTACA	MEME-2	GCCTCAGCCTCCYAARKWGCTGGGATTACA	JASPAR_CORE_2016_vertebrates	MA0019.1	Ddit3::Cebpa	VNRTGCAATMCC	2	0	JASPAR_CORE_2016_vertebrates	MA0102.3	CEBPA	5.55e-03	48	8	6	38	3.21e-08	2.89e-07
meme.xml	GCCTCAGCCTCCYAARKWGCTGGGATTACA	MEME-2	GCCTCAGCCTCCYAARKWGCTGGGATTACA	JASPAR_CORE_2016_vertebrates	MA0019.1	Ddit3::Cebpa	VNRTGCAATMCC	2	0	JASPAR_CORE_2016_vertebrates	MA0102.3	CEBPA	5.55e-03	27	0	4	38	7.72e-08	6.95e-07
meme.xml	GCCTCAGCCTCCYAARKWGCTGGGATTACA	MEME-2	GCCTCAGCCTCCYAARKWGCTGGGATTACA	JASPAR_CORE_2016_vertebrates	MA0019.1	Ddit3::Cebpa	VNRTGCAATMCC	2	0	JASPAR_CORE_2016_vertebrates	MA0102.3	CEBPA	5.55e-03	27	4	4	38	1.18e-06	1.06e-05
meme.xml	GCCTCAGCCTCCYAARKWGCTGGGATTACA	MEME-2	GCCTCAGCCTCCYAARKWGCTGGGATTACA	JASPAR_CORE_2016_vertebrates	MA0019.1	Ddit3::Cebpa	VNRTGCAATMCC	2	0	JASPAR_CORE_2016_vertebrates	MA0102.3	CEBPA	5.55e-03	27	5	4	38	1.18e-06	1.06e-05
meme.xml	GCCTCAGCCTCCYAARKWGCTGGGATTACA	MEME-2	GCCTCAGCCTCCYAARKWGCTGGGATTACA	JASPAR_CORE_2016_vertebrates	MA0101.1	REL	BGGRNWTTCC	0	0	JASPAR_CORE_2016_vertebrates	MA0102.3	CEBPA	6.46e-03	49	0	4	14	1.08e-09	9.75e-09
meme.xml	GCCTCAGCCTCCYAARKWGCTGGGATTACA	MEME-2	GCCTCAGCCTCCYAARKWGCTGGGATTACA	JASPAR_CORE_2016_vertebrates	MA0101.1	REL	BGGRNWTTCC	0	0	JASPAR_CORE_2016_vertebrates	MA0102.3	CEBPA	6.46e-03	49	4	4	14	1.71e-08	1.54e-07
meme.xml	GCCTCAGCCTCCYAARKWGCTGGGATTACA	MEME-2	GCCTCAGCCTCCYAARKWGCTGGGATTACA	JASPAR_CORE_2016_vertebrates	MA0101.1	REL	BGGRNWTTCC	0	0	JASPAR_CORE_2016_vertebrates	MA0102.3	CEBPA	6.46e-03	49	5	4	14	1.71e-08	1.54e-07
meme.xml	GCCTCAGCCTCCYAARKWGCTGGGATTACA	MEME-2	GCCTCAGCCTCCYAARKWGCTGGGATTACA	JASPAR_CORE_2016_vertebrates	MA0101.1	REL	BGGRNWTTCC	0	0	JASPAR_CORE_2016_vertebrates	MA0102.3	CEBPA	6.46e-03	49	8	4	14	2.66e-07	2.39e-06
meme.xml	GCCTCAGCCTCCYAARKWGCTGGGATTACA	MEME-2	GCCTCAGCCTCCYAARKWGCTGGGATTACA	JASPAR_CORE_2016_vertebrates	MA0111.1	Spz1	AGGGTWWCAGC	0	0	JASPAR_CORE_2016_vertebrates	MA0102.3	CEBPA	2.54e-02	47	0	4	19	4.29e-09	3.86e-08
meme.xml	GCCTCAGCCTCCYAARKWGCTGGGATTACA	MEME-2	GCCTCAGCCTCCYAARKWGCTGGGATTACA	JASPAR_CORE_2016_vertebrates	MA0111.1	Spz1	AGGGTWWCAGC	0	0	JASPAR_CORE_2016_vertebrates	MA0102.3	CEBPA	2.54e-02	47	4	4	19	6.71e-08	6.04e-07
meme.xml	GCCTCAGCCTCCYAARKWGCTGGGATTACA	MEME-2	GCCTCAGCCTCCYAARKWGCTGGGATTACA	JASPAR_CORE_2016_vertebrates	MA0111.1	Spz1	AGGGTWWCAGC	0	0	JASPAR_CORE_2016_vertebrates	MA0102.3	CEBPA	2.54e-02	47	5	4	19	6.71e-08	6.04e-07
meme.xml	GCCTCAGCCTCCYAARKWGCTGGGATTACA	MEME-2	GCCTCAGCCTCCYAARKWGCTGGGATTACA	JASPAR_CORE_2016_vertebrates	MA0111.1	Spz1	AGGGTWWCAGC	0	0	JASPAR_CORE_2016_vertebrates	MA0102.3	CEBPA	2.54e-02	47	8	4	19	1.03e-06	9.26e-06
meme.xml	GCCTCAGCCTCCYAARKWGCTGGGATTACA	MEME-2	GCCTCAGCCTCCYAARKWGCTGGGATTACA	JASPAR_CORE_2016_vertebrates	MA0778.1	NFKB2	AGGGGAWTCCCCY	1	1	JASPAR_CORE_2016_vertebrates	MA0102.3	CEBPA	4.45e-01	47	1	3	10	7.52e-08	6.77e-07
meme.xml	GCCTCAGCCTCCYAARKWGCTGGGATTACA	MEME-2	GCCTCAGCCTCCYAARKWGCTGGGATTACA	JASPAR_CORE_2016_vertebrates	MA0778.1	NFKB2	AGGGGAWTCCCCY	1	1	JASPAR_CORE_2016_vertebrates	MA0102.3	CEBPA	4.45e-01	47	4	3	10	5.96e-07	5.36e-06
meme.xml	GCCTCAGCCTCCYAARKWGCTGGGATTACA	MEME-2	GCCTCAGCCTCCYAARKWGCTGGGATTACA	JASPAR_CORE_2016_vertebrates	MA0778.1	NFKB2	AGGGGAWTCCCCY	1	1	JASPAR_CORE_2016_vertebrates	MA0102.3	CEBPA	4.45e-01	47	6	3	10	5.96e-07	5.36e-06
meme.xml	GCCTCAGCCTCCYAARKWGCTGGGATTACA	MEME-2	GCCTCAGCCTCCYAARKWGCTGGGATTACA	meme.xml	GTGAGCYRAGATBGTGCCACTGCACTCCAG	MEME-3	GTGAGCYRAGATBGTGCCACTGCACTCCAG	0	0	.	.	.	9.22e-09	36	1	6	10	1.80e-15	1.62e-14
meme.xml	GCCTCAGCCTCCYAARKWGCTGGGATTACA	MEME-2	GCCTCAGCCTCCYAARKWGCTGGGATTACA	meme.xml	GTGAGCYRAGATBGTGCCACTGCACTCCAG	MEME-3	GTGAGCYRAGATBGTGCCACTGCACTCCAG	0	0	.	.	.	9.22e-09	36	4	6	10	1.15e-13	1.03e-12
meme.xml	GCCTCAGCCTCCYAARKWGCTGGGATTACA	MEME-2	GCCTCAGCCTCCYAARKWGCTGGGATTACA	meme.xml	GTGAGCYRAGATBGTGCCACTGCACTCCAG	MEME-3	GTGAGCYRAGATBGTGCCACTGCACTCCAG	0	0	.	.	.	9.22e-09	36	6	6	10	1.15e-13	1.03e-12
meme.xml	GCCTCAGCCTCCYAARKWGCTGGGATTACA	MEME-2	GCCTCAGCCTCCYAARKWGCTGGGATTACA	meme.xml	GTGAGCYRAGATBGTGCCACTGCACTCCAG	MEME-3	GTGAGCYRAGATBGTGCCACTGCACTCCAG	0	0	.	.	.	9.22e-09	36	8	6	10	7.23e-12	6.50e-11
meme.xml	GCCTCAGCCTCCYAARKWGCTGGGATTACA	MEME-2	GCCTCAGCCTCCYAARKWGCTGGGATTACA	JASPAR_CORE_2016_vertebrates	MA0672.1	NKX2-3	VCCACTTRAV	1	1	JASPAR_CORE_2016_vertebrates	GTGAGCYRAGATBGTGCCACTGCACTCCAG	MEME-3	3.30e-06	57	1	6	25	5.46e-13	4.91e-12
meme.xml	GCCTCAGCCTCCYAARKWGCTGGGATTACA	MEME-2	GCCTCAGCCTCCYAARKWGCTGGGATTACA	JASPAR_CORE_2016_vertebrates	MA0672.1	NKX2-3	VCCACTTRAV	1	1	JASPAR_CORE_2016_vertebrates	GTGAGCYRAGATBGTGCCACTGCACTCCAG	MEME-3	3.30e-06	57	4	6	25	3.40e-11	3.06e-10
meme.xml	GCCTCAGCCTCCYAARKWGCTGGGATTACA	MEME-2	GCCTCAGCCTCCYAARKWGCTGGGATTACA	JASPAR_CORE_2016_vertebrates	MA0672.1	NKX2-3	VCCACTTRAV	1	1	JASPAR_CORE_2016_vertebrates	GTGAGCYRAGATBGTGCCACTGCACTCCAG	MEME-3	3.30e-06	57	6	6	25	3.40e-11	3.06e-10
meme.xml	GCCTCAGCCTCCYAARKWGCTGGGATTACA	MEME-2	GCCTCAGCCTCCYAARKWGCTGGGATTACA	JASPAR_CORE_2016_vertebrates	MA0672.1	NKX2-3	VCCACTTRAV	1	1	JASPAR_CORE_2016_vertebrates	GTGAGCYRAGATBGTGCCACTGCACTCCAG	MEME-3	3.30e-06	57	8	6	25	2.05e-09	1.85e-08
meme.xml	GCCTCAGCCTCCYAARKWGCTGGGATTACA	MEME-2	GCCTCAGCCTCCYAARKWGCTGGGATTACA	JASPAR_CORE_2016_vertebrates	MA0672.1	NKX2-3	VCCACTTRAV	1	1	JASPAR_CORE_2016_vertebrates	GTGAGCYRAGATBGTGCCACTGCACTCCAG	MEME-3	3.30e-06	7	1	4	25	1.27e-08	1.15e-07
meme.xml	GCCTCAGCCTCCYAARKWGCTGGGATTACA	MEME-2	GCCTCAGCCTCCYAARKWGCTGGGATTACA	JASPAR_CORE_2016_vertebrates	MA0672.1	NKX2-3	VCCACTTRAV	1	1	JASPAR_CORE_2016_vertebrates	GTGAGCYRAGATBGTGCCACTGCACTCCAG	MEME-3	3.30e-06	7	4	4	25	1.98e-07	1.78e-06
meme.xml	GCCTCAGCCTCCYAARKWGCTGGGATTACA	MEME-2	GCCTCAGCCTCCYAARKWGCTGGGATTACA	JASPAR_CORE_2016_vertebrates	MA0672.1	NKX2-3	VCCACTTRAV	1	1	JASPAR_CORE_2016_vertebrates	GTGAGCYRAGATBGTGCCACTGCACTCCAG	MEME-3	3.30e-06	7	6	4	25	1.98e-07	1.78e-06
meme.xml	GCCTCAGCCTCCYAARKWGCTGGGATTACA	MEME-2	GCCTCAGCCTCCYAARKWGCTGGGATTACA	JASPAR_CORE_2016_vertebrates	MA0672.1	NKX2-3	VCCACTTRAV	1	1	JASPAR_CORE_2016_vertebrates	GTGAGCYRAGATBGTGCCACTGCACTCCAG	MEME-3	3.30e-06	7	8	4	25	2.99e-06	2.69e-05
meme.xml	GCCTCAGCCTCCYAARKWGCTGGGATTACA	MEME-2	GCCTCAGCCTCCYAARKWGCTGGGATTACA	JASPAR_CORE_2016_vertebrates	MA0673.1	NKX2-8	VCACTTSAV	0	1	JASPAR_CORE_2016_vertebrates	GTGAGCYRAGATBGTGCCACTGCACTCCAG	MEME-3	3.30e-06	57	1	6	25	5.46e-13	4.91e-12
meme.xml	GCCTCAGCCTCCYAARKWGCTGGGATTACA	MEME-2	GCCTCAGCCTCCYAARKWGCTGGGATTACA	JASPAR_CORE_2016_vertebrates	MA0673.1	NKX2-8	VCACTTSAV	0	1	JASPAR_CORE_2016_vertebrates	GTGAGCYRAGATBGTGCCACTGCACTCCAG	MEME-3	3.30e-06	57	4	6	25	3.40e-11	3.06e-10
meme.xml	GCCTCAGCCTCCYAARKWGCTGGGATTACA	MEME-2	GCCTCAGCCTCCYAARKWGCTGGGATTACA	JASPAR_CORE_2016_vertebrates	MA0673.1	NKX2-8	VCACTTSAV	0	1	JASPAR_CORE_2016_vertebrates	GTGAGCYRAGATBGTGCCACTGCACTCCAG	MEME-3	3.30e-06	57	6	6	25	3.40e-11	3.06e-10
meme.xml	GCCTCAGCCTCCYAARKWGCTGGGATTACA	MEME-2	GCCTCAGCCTCCYAARKWGCTGGGATTACA	JASPAR_CORE_2016_vertebrates	MA0673.1	NKX2-8	VCACTTSAV	0	1	JASPAR_CORE_2016_vertebrates	GTGAGCYRAGATBGTGCCACTGCACTCCAG	MEME-3	3.30e-06	57	8	6	25	2.05e-09	1.85e-08
meme.xml	GCCTCAGCCTCCYAARKWGCTGGGATTACA	MEME-2	GCCTCAGCCTCCYAARKWGCTGGGATTACA	JASPAR_CORE_2016_vertebrates	MA0673.1	NKX2-8	VCACTTSAV	0	1	JASPAR_CORE_2016_vertebrates	GTGAGCYRAGATBGTGCCACTGCACTCCAG	MEME-3	3.30e-06	7	1	4	25	1.27e-08	1.15e-07
meme.xml	GCCTCAGCCTCCYAARKWGCTGGGATTACA	MEME-2	GCCTCAGCCTCCYAARKWGCTGGGATTACA	JASPAR_CORE_2016_vertebrates	MA0673.1	NKX2-8	VCACTTSAV	0	1	JASPAR_CORE_2016_vertebrates	GTGAGCYRAGATBGTGCCACTGCACTCCAG	MEME-3	3.30e-06	7	4	4	25	1.98e-07	1.78e-06
meme.xml	GCCTCAGCCTCCYAARKWGCTGGGATTACA	MEME-2	GCCTCAGCCTCCYAARKWGCTGGGATTACA	JASPAR_CORE_2016_vertebrates	MA0673.1	NKX2-8	VCACTTSAV	0	1	JASPAR_CORE_2016_vertebrates	GTGAGCYRAGATBGTGCCACTGCACTCCAG	MEME-3	3.30e-06	7	6	4	25	1.98e-07	1.78e-06
meme.xml	GCCTCAGCCTCCYAARKWGCTGGGATTACA	MEME-2	GCCTCAGCCTCCYAARKWGCTGGGATTACA	JASPAR_CORE_2016_vertebrates	MA0673.1	NKX2-8	VCACTTSAV	0	1	JASPAR_CORE_2016_vertebrates	GTGAGCYRAGATBGTGCCACTGCACTCCAG	MEME-3	3.30e-06	7	8	4	25	2.99e-06	2.69e-05
meme.xml	GCCTCAGCCTCCYAARKWGCTGGGATTACA	MEME-2	GCCTCAGCCTCCYAARKWGCTGGGATTACA	JASPAR_CORE_2016_vertebrates	MA0503.1	Nkx2-5(var.2)	ARSCACTCAAS	0	0	JASPAR_CORE_2016_vertebrates	GTGAGCYRAGATBGTGCCACTGCACTCCAG	MEME-3	9.36e-06	55	1	5	12	1.58e-12	1.42e-11
meme.xml	GCCTCAGCCTCCYAARKWGCTGGGATTACA	MEME-2	GCCTCAGCCTCCYAARKWGCTGGGATTACA	JASPAR_CORE_2016_vertebrates	MA0503.1	Nkx2-5(var.2)	ARSCACTCAAS	0	0	JASPAR_CORE_2016_vertebrates	GTGAGCYRAGATBGTGCCACTGCACTCCAG	MEME-3	9.36e-06	55	4	5	12	5.01e-11	4.51e-10
meme.xml	GCCTCAGCCTCCYAARKWGCTGGGATTACA	MEME-2	GCCTCAGCCTCCYAARKWGCTGGGATTACA	JASPAR_CORE_2016_vertebrates	MA0503.1	Nkx2-5(var.2)	ARSCACTCAAS	0	0	JASPAR_CORE_2016_vertebrates	GTGAGCYRAGATBGTGCCACTGCACTCCAG	MEME-3	9.36e-06	55	6	5	12	5.01e-11	4.51e-10
meme.xml	GCCTCAGCCTCCYAARKWGCTGGGATTACA	MEME-2	GCCTCAGCCTCCYAARKWGCTGGGATTACA	JASPAR_CORE_2016_vertebrates	MA0503.1	Nkx2-5(var.2)	ARSCACTCAAS	0	0	JASPAR_CORE_2016_vertebrates	GTGAGCYRAGATBGTGCCACTGCACTCCAG	MEME-3	9.36e-06	55	8	5	12	1.57e-09	1.41e-08
meme.xml	GCCTCAGCCTCCYAARKWGCTGGGATTACA	MEME-2	GCCTCAGCCTCCYAARKWGCTGGGATTACA	JASPAR_CORE_2016_vertebrates	MA0596.1	SREBF2	RTGGGGTGAY	0	0	JASPAR_CORE_2016_vertebrates	GTGAGCYRAGATBGTGCCACTGCACTCCAG	MEME-3	2.03e+00	46	0	3	16	3.41e-07	3.07e-06
meme.xml	GCCTCAGCCTCCYAARKWGCTGGGATTACA	MEME-2	GCCTCAGCCTCCYAARKWGCTGGGATTACA	JASPAR_CORE_2016_vertebrates	MA0596.1	SREBF2	RTGGGGTGAY	0	0	JASPAR_CORE_2016_vertebrates	GTGAGCYRAGATBGTGCCACTGCACTCCAG	MEME-3	2.03e+00	6	4	3	16	2.68e-06	2.41e-05
meme.xml	GCCTCAGCCTCCYAARKWGCTGGGATTACA	MEME-2	GCCTCAGCCTCCYAARKWGCTGGGATTACA	JASPAR_CORE_2016_vertebrates	MA0596.1	SREBF2	RTGGGGTGAY	0	0	JASPAR_CORE_2016_vertebrates	GTGAGCYRAGATBGTGCCACTGCACTCCAG	MEME-3	2.03e+00	46	4	3	16	2.68e-06	2.41e-05
meme.xml	GCCTCAGCCTCCYAARKWGCTGGGATTACA	MEME-2	GCCTCAGCCTCCYAARKWGCTGGGATTACA	JASPAR_CORE_2016_vertebrates	MA0596.1	SREBF2	RTGGGGTGAY	0	0	JASPAR_CORE_2016_vertebrates	GTGAGCYRAGATBGTGCCACTGCACTCCAG	MEME-3	2.03e+00	46	5	3	16	2.68e-06	2.41e-05
meme.xml	GCCTCAGCCTCCYAARKWGCTGGGATTACA	MEME-2	GCCTCAGCCTCCYAARKWGCTGGGATTACA	JASPAR_CORE_2016_vertebrates	MA0119.1	NFIC::TLX1	TGGCASSRWGCCAA	0	0	JASPAR_CORE_2016_vertebrates	GTGAGCYRAGATBGTGCCACTGCACTCCAG	MEME-3	2.14e+00	31	1	2	2	3.70e-07	3.33e-06
meme.xml	GCCTCAGCCTCCYAARKWGCTGGGATTACA	MEME-2	GCCTCAGCCTCCYAARKWGCTGGGATTACA	JASPAR_CORE_2016_vertebrates	MA0119.1	NFIC::TLX1	TGGCASSRWGCCAA	0	0	JASPAR_CORE_2016_vertebrates	GTGAGCYRAGATBGTGCCACTGCACTCCAG	MEME-3	2.14e+00	31	4	2	2	1.48e-06	1.33e-05
meme.xml	GCCTCAGCCTCCYAARKWGCTGGGATTACA	MEME-2	GCCTCAGCCTCCYAARKWGCTGGGATTACA	JASPAR_CORE_2016_vertebrates	MA0119.1	NFIC::TLX1	TGGCASSRWGCCAA	0	0	JASPAR_CORE_2016_vertebrates	GTGAGCYRAGATBGTGCCACTGCACTCCAG	MEME-3	2.14e+00	31	6	2	2	1.48e-06	1.33e-05
meme.xml	GCCTCAGCCTCCYAARKWGCTGGGATTACA	MEME-2	GCCTCAGCCTCCYAARKWGCTGGGATTACA	JASPAR_CORE_2016_vertebrates	MA0068.2	PAX4	CTAATTAG	0	0	.	.	.	5.69e-08	21	3	6	14	9.41e-15	8.47e-14
meme.xml	GCCTCAGCCTCCYAARKWGCTGGGATTACA	MEME-2	GCCTCAGCCTCCYAARKWGCTGGGATTACA	JASPAR_CORE_2016_vertebrates	MA0068.2	PAX4	CTAATTAG	0	0	.	.	.	5.69e-08	21	5	6	14	5.95e-13	5.36e-12
meme.xml	GCCTCAGCCTCCYAARKWGCTGGGATTACA	MEME-2	GCCTCAGCCTCCYAARKWGCTGGGATTACA	JASPAR_CORE_2016_vertebrates	MA0068.2	PAX4	CTAATTAG	0	0	.	.	.	5.69e-08	21	7	6	14	5.95e-13	5.36e-12
meme.xml	GCCTCAGCCTCCYAARKWGCTGGGATTACA	MEME-2	GCCTCAGCCTCCYAARKWGCTGGGATTACA	JASPAR_CORE_2016_vertebrates	MA0068.2	PAX4	CTAATTAG	0	0	.	.	.	5.69e-08	21	8	6	14	3.72e-11	3.35e-10
meme.xml	GCCTCAGCCTCCYAARKWGCTGGGATTACA	MEME-2	GCCTCAGCCTCCYAARKWGCTGGGATTACA	JASPAR_CORE_2016_vertebrates	MA0725.1	VSX1	YTAATTAN	0	1	.	.	.	3.38e-07	21	2	6	18	5.55e-14	4.99e-13
meme.xml	GCCTCAGCCTCCYAARKWGCTGGGATTACA	MEME-2	GCCTCAGCCTCCYAARKWGCTGGGATTACA	JASPAR_CORE_2016_vertebrates	MA0725.1	VSX1	YTAATTAN	0	1	.	.	.	3.38e-07	21	6	6	18	3.49e-12	3.14e-11
meme.xml	GCCTCAGCCTCCYAARKWGCTGGGATTACA	MEME-2	GCCTCAGCCTCCYAARKWGCTGGGATTACA	JASPAR_CORE_2016_vertebrates	MA0725.1	VSX1	YTAATTAN	0	1	.	.	.	3.38e-07	21	7	6	18	3.49e-12	3.14e-11
meme.xml	GCCTCAGCCTCCYAARKWGCTGGGATTACA	MEME-2	GCCTCAGCCTCCYAARKWGCTGGGATTACA	JASPAR_CORE_2016_vertebrates	MA0725.1	VSX1	YTAATTAN	0	1	.	.	.	3.38e-07	21	8	6	18	2.15e-10	1.94e-09
meme.xml	GCCTCAGCCTCCYAARKWGCTGGGATTACA	MEME-2	GCCTCAGCCTCCYAARKWGCTGGGATTACA	JASPAR_CORE_2016_vertebrates	MA0725.1	VSX1	YTAATTAN	0	1	.	.	.	3.38e-07	77	0	3	18	4.65e-07	4.19e-06
meme.xml	GCCTCAGCCTCCYAARKWGCTGGGATTACA	MEME-2	GCCTCAGCCTCCYAARKWGCTGGGATTACA	JASPAR_CORE_2016_vertebrates	MA0725.1	VSX1	YTAATTAN	0	1	.	.	.	3.38e-07	77	4	3	18	3.65e-06	3.29e-05
meme.xml	GCCTCAGCCTCCYAARKWGCTGGGATTACA	MEME-2	GCCTCAGCCTCCYAARKWGCTGGGATTACA	JASPAR_CORE_2016_vertebrates	MA0725.1	VSX1	YTAATTAN	0	1	.	.	.	3.38e-07	77	5	3	18	3.65e-06	3.29e-05
meme.xml	GCCTCAGCCTCCYAARKWGCTGGGATTACA	MEME-2	GCCTCAGCCTCCYAARKWGCTGGGATTACA	JASPAR_CORE_2016_vertebrates	MA0726.1	VSX2	CTAATTAN	0	1	.	.	.	3.38e-07	21	2	6	18	5.55e-14	4.99e-13
meme.xml	GCCTCAGCCTCCYAARKWGCTGGGATTACA	MEME-2	GCCTCAGCCTCCYAARKWGCTGGGATTACA	JASPAR_CORE_2016_vertebrates	MA0726.1	VSX2	CTAATTAN	0	1	.	.	.	3.38e-07	21	6	6	18	3.49e-12	3.14e-11
meme.xml	GCCTCAGCCTCCYAARKWGCTGGGATTACA	MEME-2	GCCTCAGCCTCCYAARKWGCTGGGATTACA	JASPAR_CORE_2016_vertebrates	MA0726.1	VSX2	CTAATTAN	0	1	.	.	.	3.38e-07	21	7	6	18	3.49e-12	3.14e-11
meme.xml	GCCTCAGCCTCCYAARKWGCTGGGATTACA	MEME-2	GCCTCAGCCTCCYAARKWGCTGGGATTACA	JASPAR_CORE_2016_vertebrates	MA0726.1	VSX2	CTAATTAN	0	1	.	.	.	3.38e-07	21	8	6	18	2.15e-10	1.94e-09
meme.xml	GCCTCAGCCTCCYAARKWGCTGGGATTACA	MEME-2	GCCTCAGCCTCCYAARKWGCTGGGATTACA	JASPAR_CORE_2016_vertebrates	MA0726.1	VSX2	CTAATTAN	0	1	.	.	.	3.38e-07	77	0	3	18	4.65e-07	4.19e-06
meme.xml	GCCTCAGCCTCCYAARKWGCTGGGATTACA	MEME-2	GCCTCAGCCTCCYAARKWGCTGGGATTACA	JASPAR_CORE_2016_vertebrates	MA0726.1	VSX2	CTAATTAN	0	1	.	.	.	3.38e-07	77	4	3	18	3.65e-06	3.29e-05
meme.xml	GCCTCAGCCTCCYAARKWGCTGGGATTACA	MEME-2	GCCTCAGCCTCCYAARKWGCTGGGATTACA	JASPAR_CORE_2016_vertebrates	MA0726.1	VSX2	CTAATTAN	0	1	.	.	.	3.38e-07	77	5	3	18	3.65e-06	3.29e-05
meme.xml	GCCTCAGCCTCCYAARKWGCTGGGATTACA	MEME-2	GCCTCAGCCTCCYAARKWGCTGGGATTACA	JASPAR_CORE_2016_vertebrates	MA0075.2	Prrx2	YYAATTAN	1	1	.	.	.	6.79e-07	22	3	6	20	1.11e-13	9.97e-13
meme.xml	GCCTCAGCCTCCYAARKWGCTGGGATTACA	MEME-2	GCCTCAGCCTCCYAARKWGCTGGGATTACA	JASPAR_CORE_2016_vertebrates	MA0075.2	Prrx2	YYAATTAN	1	1	.	.	.	6.79e-07	22	5	6	20	6.95e-12	6.25e-11
meme.xml	GCCTCAGCCTCCYAARKWGCTGGGATTACA	MEME-2	GCCTCAGCCTCCYAARKWGCTGGGATTACA	JASPAR_CORE_2016_vertebrates	MA0075.2	Prrx2	YYAATTAN	1	1	.	.	.	6.79e-07	22	7	6	20	6.95e-12	6.25e-11
meme.xml	GCCTCAGCCTCCYAARKWGCTGGGATTACA	MEME-2	GCCTCAGCCTCCYAARKWGCTGGGATTACA	JASPAR_CORE_2016_vertebrates	MA0075.2	Prrx2	YYAATTAN	1	1	.	.	.	6.79e-07	22	8	6	20	4.26e-10	3.84e-09
meme.xml	GCCTCAGCCTCCYAARKWGCTGGGATTACA	MEME-2	GCCTCAGCCTCCYAARKWGCTGGGATTACA	JASPAR_CORE_2016_vertebrates	MA0075.2	Prrx2	YYAATTAN	1	1	.	.	.	6.79e-07	77	1	4	20	4.65e-09	4.19e-08
meme.xml	GCCTCAGCCTCCYAARKWGCTGGGATTACA	MEME-2	GCCTCAGCCTCCYAARKWGCTGGGATTACA	JASPAR_CORE_2016_vertebrates	MA0075.2	Prrx2	YYAATTAN	1	1	.	.	.	6.79e-07	77	4	4	20	7.28e-08	6.55e-07
meme.xml	GCCTCAGCCTCCYAARKWGCTGGGATTACA	MEME-2	GCCTCAGCCTCCYAARKWGCTGGGATTACA	JASPAR_CORE_2016_vertebrates	MA0075.2	Prrx2	YYAATTAN	1	1	.	.	.	6.79e-07	77	6	4	20	7.28e-08	6.55e-07
meme.xml	GCCTCAGCCTCCYAARKWGCTGGGATTACA	MEME-2	GCCTCAGCCTCCYAARKWGCTGGGATTACA	JASPAR_CORE_2016_vertebrates	MA0075.2	Prrx2	YYAATTAN	1	1	.	.	.	6.79e-07	77	8	4	20	1.11e-06	1.00e-05
meme.xml	GCCTCAGCCTCCYAARKWGCTGGGATTACA	MEME-2	GCCTCAGCCTCCYAARKWGCTGGGATTACA	JASPAR_CORE_2016_vertebrates	MA0630.1	SHOX	HTAATTRR	1	1	.	.	.	6.79e-07	22	2	6	20	1.11e-13	9.97e-13
meme.xml	GCCTCAGCCTCCYAARKWGCTGGGATTACA	MEME-2	GCCTCAGCCTCCYAARKWGCTGGGATTACA	JASPAR_CORE_2016_vertebrates	MA0630.1	SHOX	HTAATTRR	1	1	.	.	.	6.79e-07	22	6	6	20	6.95e-12	6.25e-11
meme.xml	GCCTCAGCCTCCYAARKWGCTGGGATTACA	MEME-2	GCCTCAGCCTCCYAARKWGCTGGGATTACA	JASPAR_CORE_2016_vertebrates	MA0630.1	SHOX	HTAATTRR	1	1	.	.	.	6.79e-07	22	7	6	20	6.95e-12	6.25e-11
meme.xml	GCCTCAGCCTCCYAARKWGCTGGGATTACA	MEME-2	GCCTCAGCCTCCYAARKWGCTGGGATTACA	JASPAR_CORE_2016_vertebrates	MA0630.1	SHOX	HTAATTRR	1	1	.	.	.	6.79e-07	22	8	6	20	4.26e-10	3.84e-09
meme.xml	GCCTCAGCCTCCYAARKWGCTGGGATTACA	MEME-2	GCCTCAGCCTCCYAARKWGCTGGGATTACA	JASPAR_CORE_2016_vertebrates	MA0630.1	SHOX	HTAATTRR	1	1	.	.	.	6.79e-07	77	0	4	20	4.65e-09	4.19e-08
meme.xml	GCCTCAGCCTCCYAARKWGCTGGGATTACA	MEME-2	GCCTCAGCCTCCYAARKWGCTGGGATTACA	JASPAR_CORE_2016_vertebrates	MA0630.1	SHOX	HTAATTRR	1	1	.	.	.	6.79e-07	77	4	4	20	7.28e-08	6.55e-07
meme.xml	GCCTCAGCCTCCYAARKWGCTGGGATTACA	MEME-2	GCCTCAGCCTCCYAARKWGCTGGGATTACA	JASPAR_CORE_2016_vertebrates	MA0630.1	SHOX	HTAATTRR	1	1	.	.	.	6.79e-07	77	5	4	20	7.28e-08	6.55e-07
meme.xml	GCCTCAGCCTCCYAARKWGCTGGGATTACA	MEME-2	GCCTCAGCCTCCYAARKWGCTGGGATTACA	JASPAR_CORE_2016_vertebrates	MA0630.1	SHOX	HTAATTRR	1	1	.	.	.	6.79e-07	77	8	4	20	1.11e-06	1.00e-05
meme.xml	GCCTCAGCCTCCYAARKWGCTGGGATTACA	MEME-2	GCCTCAGCCTCCYAARKWGCTGGGATTACA	JASPAR_CORE_2016_vertebrates	MA0634.1	ALX3	YYYAATTANV	2	2	.	.	.	6.79e-07	22	3	6	20	1.11e-13	9.97e-13
meme.xml	GCCTCAGCCTCCYAARKWGCTGGGATTACA	MEME-2	GCCTCAGCCTCCYAARKWGCTGGGATTACA	JASPAR_CORE_2016_vertebrates	MA0634.1	ALX3	YYYAATTANV	2	2	.	.	.	6.79e-07	22	5	6	20	6.95e-12	6.25e-11
meme.xml	GCCTCAGCCTCCYAARKWGCTGGGATTACA	MEME-2	GCCTCAGCCTCCYAARKWGCTGGGATTACA	JASPAR_CORE_2016_vertebrates	MA0634.1	ALX3	YYYAATTANV	2	2	.	.	.	6.79e-07	22	7	6	20	6.95e-12	6.25e-11
meme.xml	GCCTCAGCCTCCYAARKWGCTGGGATTACA	MEME-2	GCCTCAGCCTCCYAARKWGCTGGGATTACA	JASPAR_CORE_2016_vertebrates	MA0634.1	ALX3	YYYAATTANV	2	2	.	.	.	6.79e-07	22	8	6	20	4.26e-10	3.84e-09
meme.xml	GCCTCAGCCTCCYAARKWGCTGGGATTACA	MEME-2	GCCTCAGCCTCCYAARKWGCTGGGATTACA	JASPAR_CORE_2016_vertebrates	MA0634.1	ALX3	YYYAATTANV	2	2	.	.	.	6.79e-07	77	1	4	20	4.65e-09	4.19e-08
meme.xml	GCCTCAGCCTCCYAARKWGCTGGGATTACA	MEME-2	GCCTCAGCCTCCYAARKWGCTGGGATTACA	JASPAR_CORE_2016_vertebrates	MA0634.1	ALX3	YYYAATTANV	2	2	.	.	.	6.79e-07	77	4	4	20	7.28e-08	6.55e-07
meme.xml	GCCTCAGCCTCCYAARKWGCTGGGATTACA	MEME-2	GCCTCAGCCTCCYAARKWGCTGGGATTACA	JASPAR_CORE_2016_vertebrates	MA0634.1	ALX3	YYYAATTANV	2	2	.	.	.	6.79e-07	77	6	4	20	7.28e-08	6.55e-07
meme.xml	GCCTCAGCCTCCYAARKWGCTGGGATTACA	MEME-2	GCCTCAGCCTCCYAARKWGCTGGGATTACA	JASPAR_CORE_2016_vertebrates	MA0634.1	ALX3	YYYAATTANV	2	2	.	.	.	6.79e-07	77	8	4	20	1.11e-06	1.00e-05
meme.xml	GCCTCAGCCTCCYAARKWGCTGGGATTACA	MEME-2	GCCTCAGCCTCCYAARKWGCTGGGATTACA	JASPAR_CORE_2016_vertebrates	MA0716.1	PRRX1	YYAATTAR	1	1	.	.	.	6.79e-07	22	3	6	20	1.11e-13	9.97e-13
meme.xml	GCCTCAGCCTCCYAARKWGCTGGGATTACA	MEME-2	GCCTCAGCCTCCYAARKWGCTGGGATTACA	JASPAR_CORE_2016_vertebrates	MA0716.1	PRRX1	YYAATTAR	1	1	.	.	.	6.79e-07	22	5	6	20	6.95e-12	6.25e-11
meme.xml	GCCTCAGCCTCCYAARKWGCTGGGATTACA	MEME-2	GCCTCAGCCTCCYAARKWGCTGGGATTACA	JASPAR_CORE_2016_vertebrates	MA0716.1	PRRX1	YYAATTAR	1	1	.	.	.	6.79e-07	22	7	6	20	6.95e-12	6.25e-11
meme.xml	GCCTCAGCCTCCYAARKWGCTGGGATTACA	MEME-2	GCCTCAGCCTCCYAARKWGCTGGGATTACA	JASPAR_CORE_2016_vertebrates	MA0716.1	PRRX1	YYAATTAR	1	1	.	.	.	6.79e-07	22	8	6	20	4.26e-10	3.84e-09
meme.xml	GCCTCAGCCTCCYAARKWGCTGGGATTACA	MEME-2	GCCTCAGCCTCCYAARKWGCTGGGATTACA	JASPAR_CORE_2016_vertebrates	MA0716.1	PRRX1	YYAATTAR	1	1	.	.	.	6.79e-07	77	1	4	20	4.65e-09	4.19e-08
meme.xml	GCCTCAGCCTCCYAARKWGCTGGGATTACA	MEME-2	GCCTCAGCCTCCYAARKWGCTGGGATTACA	JASPAR_CORE_2016_vertebrates	MA0716.1	PRRX1	YYAATTAR	1	1	.	.	.	6.79e-07	77	4	4	20	7.28e-08	6.55e-07
meme.xml	GCCTCAGCCTCCYAARKWGCTGGGATTACA	MEME-2	GCCTCAGCCTCCYAARKWGCTGGGATTACA	JASPAR_CORE_2016_vertebrates	MA0716.1	PRRX1	YYAATTAR	1	1	.	.	.	6.79e-07	77	6	4	20	7.28e-08	6.55e-07
meme.xml	GCCTCAGCCTCCYAARKWGCTGGGATTACA	MEME-2	GCCTCAGCCTCCYAARKWGCTGGGATTACA	JASPAR_CORE_2016_vertebrates	MA0716.1	PRRX1	YYAATTAR	1	1	.	.	.	6.79e-07	77	8	4	20	1.11e-06	1.00e-05
meme.xml	GCCTCAGCCTCCYAARKWGCTGGGATTACA	MEME-2	GCCTCAGCCTCCYAARKWGCTGGGATTACA	JASPAR_CORE_2016_vertebrates	MA0718.1	RAX	RYYAATTARH	2	2	.	.	.	6.79e-07	22	3	6	20	1.11e-13	9.97e-13
meme.xml	GCCTCAGCCTCCYAARKWGCTGGGATTACA	MEME-2	GCCTCAGCCTCCYAARKWGCTGGGATTACA	JASPAR_CORE_2016_vertebrates	MA0718.1	RAX	RYYAATTARH	2	2	.	.	.	6.79e-07	22	5	6	20	6.95e-12	6.25e-11
meme.xml	GCCTCAGCCTCCYAARKWGCTGGGATTACA	MEME-2	GCCTCAGCCTCCYAARKWGCTGGGATTACA	JASPAR_CORE_2016_vertebrates	MA0718.1	RAX	RYYAATTARH	2	2	.	.	.	6.79e-07	22	7	6	20	6.95e-12	6.25e-11
meme.xml	GCCTCAGCCTCCYAARKWGCTGGGATTACA	MEME-2	GCCTCAGCCTCCYAARKWGCTGGGATTACA	JASPAR_CORE_2016_vertebrates	MA0718.1	RAX	RYYAATTARH	2	2	.	.	.	6.79e-07	22	8	6	20	4.26e-10	3.84e-09
meme.xml	GCCTCAGCCTCCYAARKWGCTGGGATTACA	MEME-2	GCCTCAGCCTCCYAARKWGCTGGGATTACA	JASPAR_CORE_2016_vertebrates	MA0718.1	RAX	RYYAATTARH	2	2	.	.	.	6.79e-07	77	1	4	20	4.65e-09	4.19e-08
meme.xml	GCCTCAGCCTCCYAARKWGCTGGGATTACA	MEME-2	GCCTCAGCCTCCYAARKWGCTGGGATTACA	JASPAR_CORE_2016_vertebrates	MA0718.1	RAX	RYYAATTARH	2	2	.	.	.	6.79e-07	77	4	4	20	7.28e-08	6.55e-07
meme.xml	GCCTCAGCCTCCYAARKWGCTGGGATTACA	MEME-2	GCCTCAGCCTCCYAARKWGCTGGGATTACA	JASPAR_CORE_2016_vertebrates	MA0718.1	RAX	RYYAATTARH	2	2	.	.	.	6.79e-07	77	6	4	20	7.28e-08	6.55e-07
meme.xml	GCCTCAGCCTCCYAARKWGCTGGGATTACA	MEME-2	GCCTCAGCCTCCYAARKWGCTGGGATTACA	JASPAR_CORE_2016_vertebrates	MA0718.1	RAX	RYYAATTARH	2	2	.	.	.	6.79e-07	77	8	4	20	1.11e-06	1.00e-05
meme.xml	GCCTCAGCCTCCYAARKWGCTGGGATTACA	MEME-2	GCCTCAGCCTCCYAARKWGCTGGGATTACA	JASPAR_CORE_2016_vertebrates	MA0721.1	UNCX	YYAATTAV	1	1	.	.	.	6.79e-07	22	3	6	20	1.11e-13	9.97e-13
meme.xml	GCCTCAGCCTCCYAARKWGCTGGGATTACA	MEME-2	GCCTCAGCCTCCYAARKWGCTGGGATTACA	JASPAR_CORE_2016_vertebrates	MA0721.1	UNCX	YYAATTAV	1	1	.	.	.	6.79e-07	22	5	6	20	6.95e-12	6.25e-11
meme.xml	GCCTCAGCCTCCYAARKWGCTGGGATTACA	MEME-2	GCCTCAGCCTCCYAARKWGCTGGGATTACA	JASPAR_CORE_2016_vertebrates	MA0721.1	UNCX	YYAATTAV	1	1	.	.	.	6.79e-07	22	7	6	20	6.95e-12	6.25e-11
meme.xml	GCCTCAGCCTCCYAARKWGCTGGGATTACA	MEME-2	GCCTCAGCCTCCYAARKWGCTGGGATTACA	JASPAR_CORE_2016_vertebrates	MA0721.1	UNCX	YYAATTAV	1	1	.	.	.	6.79e-07	22	8	6	20	4.26e-10	3.84e-09
meme.xml	GCCTCAGCCTCCYAARKWGCTGGGATTACA	MEME-2	GCCTCAGCCTCCYAARKWGCTGGGATTACA	JASPAR_CORE_2016_vertebrates	MA0721.1	UNCX	YYAATTAV	1	1	.	.	.	6.79e-07	77	1	4	20	4.65e-09	4.19e-08
meme.xml	GCCTCAGCCTCCYAARKWGCTGGGATTACA	MEME-2	GCCTCAGCCTCCYAARKWGCTGGGATTACA	JASPAR_CORE_2016_vertebrates	MA0721.1	UNCX	YYAATTAV	1	1	.	.	.	6.79e-07	77	4	4	20	7.28e-08	6.55e-07
meme.xml	GCCTCAGCCTCCYAARKWGCTGGGATTACA	MEME-2	GCCTCAGCCTCCYAARKWGCTGGGATTACA	JASPAR_CORE_2016_vertebrates	MA0721.1	UNCX	YYAATTAV	1	1	.	.	.	6.79e-07	77	6	4	20	7.28e-08	6.55e-07
meme.xml	GCCTCAGCCTCCYAARKWGCTGGGATTACA	MEME-2	GCCTCAGCCTCCYAARKWGCTGGGATTACA	JASPAR_CORE_2016_vertebrates	MA0721.1	UNCX	YYAATTAV	1	1	.	.	.	6.79e-07	77	8	4	20	1.11e-06	1.00e-05
meme.xml	GCCTCAGCCTCCYAARKWGCTGGGATTACA	MEME-2	GCCTCAGCCTCCYAARKWGCTGGGATTACA	JASPAR_CORE_2016_vertebrates	MA0879.1	Dlx1	NVTAATTANN	2	2	.	.	.	6.79e-07	22	3	6	20	1.11e-13	9.97e-13
meme.xml	GCCTCAGCCTCCYAARKWGCTGGGATTACA	MEME-2	GCCTCAGCCTCCYAARKWGCTGGGATTACA	JASPAR_CORE_2016_vertebrates	MA0879.1	Dlx1	NVTAATTANN	2	2	.	.	.	6.79e-07	22	5	6	20	6.95e-12	6.25e-11
meme.xml	GCCTCAGCCTCCYAARKWGCTGGGATTACA	MEME-2	GCCTCAGCCTCCYAARKWGCTGGGATTACA	JASPAR_CORE_2016_vertebrates	MA0879.1	Dlx1	NVTAATTANN	2	2	.	.	.	6.79e-07	22	7	6	20	6.95e-12	6.25e-11
meme.xml	GCCTCAGCCTCCYAARKWGCTGGGATTACA	MEME-2	GCCTCAGCCTCCYAARKWGCTGGGATTACA	JASPAR_CORE_2016_vertebrates	MA0879.1	Dlx1	NVTAATTANN	2	2	.	.	.	6.79e-07	22	8	6	20	4.26e-10	3.84e-09
meme.xml	GCCTCAGCCTCCYAARKWGCTGGGATTACA	MEME-2	GCCTCAGCCTCCYAARKWGCTGGGATTACA	JASPAR_CORE_2016_vertebrates	MA0879.1	Dlx1	NVTAATTANN	2	2	.	.	.	6.79e-07	77	1	4	20	4.65e-09	4.19e-08
meme.xml	GCCTCAGCCTCCYAARKWGCTGGGATTACA	MEME-2	GCCTCAGCCTCCYAARKWGCTGGGATTACA	JASPAR_CORE_2016_vertebrates	MA0879.1	Dlx1	NVTAATTANN	2	2	.	.	.	6.79e-07	77	4	4	20	7.28e-08	6.55e-07
meme.xml	GCCTCAGCCTCCYAARKWGCTGGGATTACA	MEME-2	GCCTCAGCCTCCYAARKWGCTGGGATTACA	JASPAR_CORE_2016_vertebrates	MA0879.1	Dlx1	NVTAATTANN	2	2	.	.	.	6.79e-07	77	6	4	20	7.28e-08	6.55e-07
meme.xml	GCCTCAGCCTCCYAARKWGCTGGGATTACA	MEME-2	GCCTCAGCCTCCYAARKWGCTGGGATTACA	JASPAR_CORE_2016_vertebrates	MA0879.1	Dlx1	NVTAATTANN	2	2	.	.	.	6.79e-07	77	8	4	20	1.11e-06	1.00e-05
meme.xml	GCCTCAGCCTCCYAARKWGCTGGGATTACA	MEME-2	GCCTCAGCCTCCYAARKWGCTGGGATTACA	JASPAR_CORE_2016_vertebrates	MA0703.1	LMX1B	NYAATTAA	1	1	.	.	.	9.50e-07	22	3	6	21	1.55e-13	1.39e-12
meme.xml	GCCTCAGCCTCCYAARKWGCTGGGATTACA	MEME-2	GCCTCAGCCTCCYAARKWGCTGGGATTACA	JASPAR_CORE_2016_vertebrates	MA0703.1	LMX1B	NYAATTAA	1	1	.	.	.	9.50e-07	22	5	6	21	9.70e-12	8.73e-11
meme.xml	GCCTCAGCCTCCYAARKWGCTGGGATTACA	MEME-2	GCCTCAGCCTCCYAARKWGCTGGGATTACA	JASPAR_CORE_2016_vertebrates	MA0703.1	LMX1B	NYAATTAA	1	1	.	.	.	9.50e-07	22	7	6	21	9.70e-12	8.73e-11
meme.xml	GCCTCAGCCTCCYAARKWGCTGGGATTACA	MEME-2	GCCTCAGCCTCCYAARKWGCTGGGATTACA	JASPAR_CORE_2016_vertebrates	MA0703.1	LMX1B	NYAATTAA	1	1	.	.	.	9.50e-07	22	8	6	21	5.94e-10	5.34e-09
meme.xml	GCCTCAGCCTCCYAARKWGCTGGGATTACA	MEME-2	GCCTCAGCCTCCYAARKWGCTGGGATTACA	JASPAR_CORE_2016_vertebrates	MA0703.1	LMX1B	NYAATTAA	1	1	.	.	.	9.50e-07	77	1	4	21	5.74e-09	5.17e-08
meme.xml	GCCTCAGCCTCCYAARKWGCTGGGATTACA	MEME-2	GCCTCAGCCTCCYAARKWGCTGGGATTACA	JASPAR_CORE_2016_vertebrates	MA0703.1	LMX1B	NYAATTAA	1	1	.	.	.	9.50e-07	77	4	4	21	8.97e-08	8.07e-07
meme.xml	GCCTCAGCCTCCYAARKWGCTGGGATTACA	MEME-2	GCCTCAGCCTCCYAARKWGCTGGGATTACA	JASPAR_CORE_2016_vertebrates	MA0703.1	LMX1B	NYAATTAA	1	1	.	.	.	9.50e-07	77	6	4	21	8.97e-08	8.07e-07
meme.xml	GCCTCAGCCTCCYAARKWGCTGGGATTACA	MEME-2	GCCTCAGCCTCCYAARKWGCTGGGATTACA	JASPAR_CORE_2016_vertebrates	MA0703.1	LMX1B	NYAATTAA	1	1	.	.	.	9.50e-07	77	8	4	21	1.37e-06	1.23e-05
meme.xml	GCCTCAGCCTCCYAARKWGCTGGGATTACA	MEME-2	GCCTCAGCCTCCYAARKWGCTGGGATTACA	JASPAR_CORE_2016_vertebrates	MA0903.1	HOXB3	NNYMATTARN	2	2	.	.	.	9.50e-07	22	3	6	21	1.55e-13	1.39e-12
meme.xml	GCCTCAGCCTCCYAARKWGCTGGGATTACA	MEME-2	GCCTCAGCCTCCYAARKWGCTGGGATTACA	JASPAR_CORE_2016_vertebrates	MA0903.1	HOXB3	NNYMATTARN	2	2	.	.	.	9.50e-07	22	5	6	21	9.70e-12	8.73e-11
meme.xml	GCCTCAGCCTCCYAARKWGCTGGGATTACA	MEME-2	GCCTCAGCCTCCYAARKWGCTGGGATTACA	JASPAR_CORE_2016_vertebrates	MA0903.1	HOXB3	NNYMATTARN	2	2	.	.	.	9.50e-07	22	7	6	21	9.70e-12	8.73e-11
meme.xml	GCCTCAGCCTCCYAARKWGCTGGGATTACA	MEME-2	GCCTCAGCCTCCYAARKWGCTGGGATTACA	JASPAR_CORE_2016_vertebrates	MA0903.1	HOXB3	NNYMATTARN	2	2	.	.	.	9.50e-07	22	8	6	21	5.94e-10	5.34e-09
meme.xml	GCCTCAGCCTCCYAARKWGCTGGGATTACA	MEME-2	GCCTCAGCCTCCYAARKWGCTGGGATTACA	JASPAR_CORE_2016_vertebrates	MA0903.1	HOXB3	NNYMATTARN	2	2	.	.	.	9.50e-07	77	1	4	21	5.74e-09	5.17e-08
meme.xml	GCCTCAGCCTCCYAARKWGCTGGGATTACA	MEME-2	GCCTCAGCCTCCYAARKWGCTGGGATTACA	JASPAR_CORE_2016_vertebrates	MA0903.1	HOXB3	NNYMATTARN	2	2	.	.	.	9.50e-07	77	4	4	21	8.97e-08	8.07e-07
meme.xml	GCCTCAGCCTCCYAARKWGCTGGGATTACA	MEME-2	GCCTCAGCCTCCYAARKWGCTGGGATTACA	JASPAR_CORE_2016_vertebrates	MA0903.1	HOXB3	NNYMATTARN	2	2	.	.	.	9.50e-07	77	6	4	21	8.97e-08	8.07e-07
meme.xml	GCCTCAGCCTCCYAARKWGCTGGGATTACA	MEME-2	GCCTCAGCCTCCYAARKWGCTGGGATTACA	JASPAR_CORE_2016_vertebrates	MA0903.1	HOXB3	NNYMATTARN	2	2	.	.	.	9.50e-07	77	8	4	21	1.37e-06	1.23e-05
meme.xml	GCCTCAGCCTCCYAARKWGCTGGGATTACA	MEME-2	GCCTCAGCCTCCYAARKWGCTGGGATTACA	JASPAR_CORE_2016_vertebrates	MA0662.1	MIXL1	NBYAATTAVN	2	2	.	.	.	1.30e-06	22	3	6	22	2.13e-13	1.91e-12
meme.xml	GCCTCAGCCTCCYAARKWGCTGGGATTACA	MEME-2	GCCTCAGCCTCCYAARKWGCTGGGATTACA	JASPAR_CORE_2016_vertebrates	MA0662.1	MIXL1	NBYAATTAVN	2	2	.	.	.	1.30e-06	22	5	6	22	1.33e-11	1.20e-10
meme.xml	GCCTCAGCCTCCYAARKWGCTGGGATTACA	MEME-2	GCCTCAGCCTCCYAARKWGCTGGGATTACA	JASPAR_CORE_2016_vertebrates	MA0662.1	MIXL1	NBYAATTAVN	2	2	.	.	.	1.30e-06	22	7	6	22	1.33e-11	1.20e-10
meme.xml	GCCTCAGCCTCCYAARKWGCTGGGATTACA	MEME-2	GCCTCAGCCTCCYAARKWGCTGGGATTACA	JASPAR_CORE_2016_vertebrates	MA0662.1	MIXL1	NBYAATTAVN	2	2	.	.	.	1.30e-06	22	8	6	22	8.11e-10	7.30e-09
meme.xml	GCCTCAGCCTCCYAARKWGCTGGGATTACA	MEME-2	GCCTCAGCCTCCYAARKWGCTGGGATTACA	JASPAR_CORE_2016_vertebrates	MA0662.1	MIXL1	NBYAATTAVN	2	2	.	.	.	1.30e-06	77	1	4	22	7.01e-09	6.31e-08
meme.xml	GCCTCAGCCTCCYAARKWGCTGGGATTACA	MEME-2	GCCTCAGCCTCCYAARKWGCTGGGATTACA	JASPAR_CORE_2016_vertebrates	MA0662.1	MIXL1	NBYAATTAVN	2	2	.	.	.	1.30e-06	77	4	4	22	1.09e-07	9.84e-07
meme.xml	GCCTCAGCCTCCYAARKWGCTGGGATTACA	MEME-2	GCCTCAGCCTCCYAARKWGCTGGGATTACA	JASPAR_CORE_2016_vertebrates	MA0662.1	MIXL1	NBYAATTAVN	2	2	.	.	.	1.30e-06	77	6	4	22	1.09e-07	9.84e-07
meme.xml	GCCTCAGCCTCCYAARKWGCTGGGATTACA	MEME-2	GCCTCAGCCTCCYAARKWGCTGGGATTACA	JASPAR_CORE_2016_vertebrates	MA0662.1	MIXL1	NBYAATTAVN	2	2	.	.	.	1.30e-06	77	8	4	22	1.66e-06	1.50e-05
meme.xml	GCCTCAGCCTCCYAARKWGCTGGGATTACA	MEME-2	GCCTCAGCCTCCYAARKWGCTGGGATTACA	JASPAR_CORE_2016_vertebrates	MA0071.1	RORA	AWMWAGGTCA	0	0	.	.	.	1.45e-06	8	1	5	9	2.44e-13	2.19e-12
meme.xml	GCCTCAGCCTCCYAARKWGCTGGGATTACA	MEME-2	GCCTCAGCCTCCYAARKWGCTGGGATTACA	JASPAR_CORE_2016_vertebrates	MA0071.1	RORA	AWMWAGGTCA	0	0	.	.	.	1.45e-06	8	4	5	9	7.76e-12	6.98e-11
meme.xml	GCCTCAGCCTCCYAARKWGCTGGGATTACA	MEME-2	GCCTCAGCCTCCYAARKWGCTGGGATTACA	JASPAR_CORE_2016_vertebrates	MA0071.1	RORA	AWMWAGGTCA	0	0	.	.	.	1.45e-06	8	6	5	9	7.76e-12	6.98e-11
meme.xml	GCCTCAGCCTCCYAARKWGCTGGGATTACA	MEME-2	GCCTCAGCCTCCYAARKWGCTGGGATTACA	JASPAR_CORE_2016_vertebrates	MA0071.1	RORA	AWMWAGGTCA	0	0	.	.	.	1.45e-06	8	8	5	9	2.45e-10	2.21e-09
meme.xml	GCCTCAGCCTCCYAARKWGCTGGGATTACA	MEME-2	GCCTCAGCCTCCYAARKWGCTGGGATTACA	JASPAR_CORE_2016_vertebrates	MA0017.2	NR2F1	CARAGGTCAMVNG	1	0	JASPAR_CORE_2016_vertebrates	MA0071.1	RORA	9.63e-06	10	1	5	12	1.64e-12	1.47e-11
meme.xml	GCCTCAGCCTCCYAARKWGCTGGGATTACA	MEME-2	GCCTCAGCCTCCYAARKWGCTGGGATTACA	JASPAR_CORE_2016_vertebrates	MA0017.2	NR2F1	CARAGGTCAMVNG	1	0	JASPAR_CORE_2016_vertebrates	MA0071.1	RORA	9.63e-06	10	4	5	12	5.19e-11	4.67e-10
meme.xml	GCCTCAGCCTCCYAARKWGCTGGGATTACA	MEME-2	GCCTCAGCCTCCYAARKWGCTGGGATTACA	JASPAR_CORE_2016_vertebrates	MA0017.2	NR2F1	CARAGGTCAMVNG	1	0	JASPAR_CORE_2016_vertebrates	MA0071.1	RORA	9.63e-06	10	6	5	12	5.19e-11	4.67e-10
meme.xml	GCCTCAGCCTCCYAARKWGCTGGGATTACA	MEME-2	GCCTCAGCCTCCYAARKWGCTGGGATTACA	JASPAR_CORE_2016_vertebrates	MA0017.2	NR2F1	CARAGGTCAMVNG	1	0	JASPAR_CORE_2016_vertebrates	MA0071.1	RORA	9.63e-06	10	8	5	12	1.63e-09	1.46e-08
meme.xml	GCCTCAGCCTCCYAARKWGCTGGGATTACA	MEME-2	GCCTCAGCCTCCYAARKWGCTGGGATTACA	JASPAR_CORE_2016_vertebrates	MA0141.3	ESRRB	TCAAGGTCAWW	0	1	JASPAR_CORE_2016_vertebrates	MA0071.1	RORA	3.27e-05	9	1	4	5	5.48e-12	4.93e-11
meme.xml	GCCTCAGCCTCCYAARKWGCTGGGATTACA	MEME-2	GCCTCAGCCTCCYAARKWGCTGGGATTACA	JASPAR_CORE_2016_vertebrates	MA0141.3	ESRRB	TCAAGGTCAWW	0	1	JASPAR_CORE_2016_vertebrates	MA0071.1	RORA	3.27e-05	9	4	4	5	8.76e-11	7.88e-10
meme.xml	GCCTCAGCCTCCYAARKWGCTGGGATTACA	MEME-2	GCCTCAGCCTCCYAARKWGCTGGGATTACA	JASPAR_CORE_2016_vertebrates	MA0141.3	ESRRB	TCAAGGTCAWW	0	1	JASPAR_CORE_2016_vertebrates	MA0071.1	RORA	3.27e-05	9	6	4	5	8.76e-11	7.88e-10
meme.xml	GCCTCAGCCTCCYAARKWGCTGGGATTACA	MEME-2	GCCTCAGCCTCCYAARKWGCTGGGATTACA	JASPAR_CORE_2016_vertebrates	MA0141.3	ESRRB	TCAAGGTCAWW	0	1	JASPAR_CORE_2016_vertebrates	MA0071.1	RORA	3.27e-05	9	8	4	5	1.40e-09	1.26e-08
meme.xml	GCCTCAGCCTCCYAARKWGCTGGGATTACA	MEME-2	GCCTCAGCCTCCYAARKWGCTGGGATTACA	JASPAR_CORE_2016_vertebrates	MA0643.1	Esrrg	TCAAGGTCAH	0	1	JASPAR_CORE_2016_vertebrates	MA0071.1	RORA	9.59e-05	9	1	4	6	1.60e-11	1.44e-10
meme.xml	GCCTCAGCCTCCYAARKWGCTGGGATTACA	MEME-2	GCCTCAGCCTCCYAARKWGCTGGGATTACA	JASPAR_CORE_2016_vertebrates	MA0643.1	Esrrg	TCAAGGTCAH	0	1	JASPAR_CORE_2016_vertebrates	MA0071.1	RORA	9.59e-05	9	4	4	6	2.55e-10	2.29e-09
meme.xml	GCCTCAGCCTCCYAARKWGCTGGGATTACA	MEME-2	GCCTCAGCCTCCYAARKWGCTGGGATTACA	JASPAR_CORE_2016_vertebrates	MA0643.1	Esrrg	TCAAGGTCAH	0	1	JASPAR_CORE_2016_vertebrates	MA0071.1	RORA	9.59e-05	9	6	4	6	2.55e-10	2.29e-09
meme.xml	GCCTCAGCCTCCYAARKWGCTGGGATTACA	MEME-2	GCCTCAGCCTCCYAARKWGCTGGGATTACA	JASPAR_CORE_2016_vertebrates	MA0643.1	Esrrg	TCAAGGTCAH	0	1	JASPAR_CORE_2016_vertebrates	MA0071.1	RORA	9.59e-05	9	8	4	6	4.05e-09	3.65e-08
meme.xml	GCCTCAGCCTCCYAARKWGCTGGGATTACA	MEME-2	GCCTCAGCCTCCYAARKWGCTGGGATTACA	JASPAR_CORE_2016_vertebrates	MA0505.1	Nr5a2	RAGTTCAAGGYCAGS	1	2	JASPAR_CORE_2016_vertebrates	MA0071.1	RORA	1.02e-04	6	1	4	6	1.74e-11	1.57e-10
meme.xml	GCCTCAGCCTCCYAARKWGCTGGGATTACA	MEME-2	GCCTCAGCCTCCYAARKWGCTGGGATTACA	JASPAR_CORE_2016_vertebrates	MA0505.1	Nr5a2	RAGTTCAAGGYCAGS	1	2	JASPAR_CORE_2016_vertebrates	MA0071.1	RORA	1.02e-04	6	4	4	6	2.77e-10	2.50e-09
meme.xml	GCCTCAGCCTCCYAARKWGCTGGGATTACA	MEME-2	GCCTCAGCCTCCYAARKWGCTGGGATTACA	JASPAR_CORE_2016_vertebrates	MA0505.1	Nr5a2	RAGTTCAAGGYCAGS	1	2	JASPAR_CORE_2016_vertebrates	MA0071.1	RORA	1.02e-04	6	6	4	6	2.77e-10	2.50e-09
meme.xml	GCCTCAGCCTCCYAARKWGCTGGGATTACA	MEME-2	GCCTCAGCCTCCYAARKWGCTGGGATTACA	JASPAR_CORE_2016_vertebrates	MA0505.1	Nr5a2	RAGTTCAAGGYCAGS	1	2	JASPAR_CORE_2016_vertebrates	MA0071.1	RORA	1.02e-04	6	8	4	6	4.41e-09	3.97e-08
meme.xml	GCCTCAGCCTCCYAARKWGCTGGGATTACA	MEME-2	GCCTCAGCCTCCYAARKWGCTGGGATTACA	JASPAR_CORE_2016_vertebrates	MA0829.1	Srebf1(var.2)	ATCACGTGAY	0	0	JASPAR_CORE_2016_vertebrates	MA0071.1	RORA	8.19e-04	14	0	4	9	1.37e-10	1.24e-09
meme.xml	GCCTCAGCCTCCYAARKWGCTGGGATTACA	MEME-2	GCCTCAGCCTCCYAARKWGCTGGGATTACA	JASPAR_CORE_2016_vertebrates	MA0829.1	Srebf1(var.2)	ATCACGTGAY	0	0	JASPAR_CORE_2016_vertebrates	MA0071.1	RORA	8.19e-04	14	4	4	9	2.18e-09	1.96e-08
meme.xml	GCCTCAGCCTCCYAARKWGCTGGGATTACA	MEME-2	GCCTCAGCCTCCYAARKWGCTGGGATTACA	JASPAR_CORE_2016_vertebrates	MA0829.1	Srebf1(var.2)	ATCACGTGAY	0	0	JASPAR_CORE_2016_vertebrates	MA0071.1	RORA	8.19e-04	14	5	4	9	2.18e-09	1.96e-08
meme.xml	GCCTCAGCCTCCYAARKWGCTGGGATTACA	MEME-2	GCCTCAGCCTCCYAARKWGCTGGGATTACA	JASPAR_CORE_2016_vertebrates	MA0829.1	Srebf1(var.2)	ATCACGTGAY	0	0	JASPAR_CORE_2016_vertebrates	MA0071.1	RORA	8.19e-04	14	8	4	9	3.44e-08	3.10e-07
meme.xml	GCCTCAGCCTCCYAARKWGCTGGGATTACA	MEME-2	GCCTCAGCCTCCYAARKWGCTGGGATTACA	JASPAR_CORE_2016_vertebrates	MA0160.1	NR4A2	AAGGTCAC	0	0	JASPAR_CORE_2016_vertebrates	MA0071.1	RORA	6.01e-03	11	1	5	39	9.94e-10	8.95e-09
meme.xml	GCCTCAGCCTCCYAARKWGCTGGGATTACA	MEME-2	GCCTCAGCCTCCYAARKWGCTGGGATTACA	JASPAR_CORE_2016_vertebrates	MA0160.1	NR4A2	AAGGTCAC	0	0	JASPAR_CORE_2016_vertebrates	MA0071.1	RORA	6.01e-03	11	4	5	39	3.03e-08	2.73e-07
meme.xml	GCCTCAGCCTCCYAARKWGCTGGGATTACA	MEME-2	GCCTCAGCCTCCYAARKWGCTGGGATTACA	JASPAR_CORE_2016_vertebrates	MA0160.1	NR4A2	AAGGTCAC	0	0	JASPAR_CORE_2016_vertebrates	MA0071.1	RORA	6.01e-03	11	6	5	39	3.03e-08	2.73e-07
meme.xml	GCCTCAGCCTCCYAARKWGCTGGGATTACA	MEME-2	GCCTCAGCCTCCYAARKWGCTGGGATTACA	JASPAR_CORE_2016_vertebrates	MA0160.1	NR4A2	AAGGTCAC	0	0	JASPAR_CORE_2016_vertebrates	MA0071.1	RORA	6.01e-03	3	1	4	39	8.13e-08	7.32e-07
meme.xml	GCCTCAGCCTCCYAARKWGCTGGGATTACA	MEME-2	GCCTCAGCCTCCYAARKWGCTGGGATTACA	JASPAR_CORE_2016_vertebrates	MA0160.1	NR4A2	AAGGTCAC	0	0	JASPAR_CORE_2016_vertebrates	MA0071.1	RORA	6.01e-03	27	1	4	39	8.13e-08	7.32e-07
meme.xml	GCCTCAGCCTCCYAARKWGCTGGGATTACA	MEME-2	GCCTCAGCCTCCYAARKWGCTGGGATTACA	JASPAR_CORE_2016_vertebrates	MA0160.1	NR4A2	AAGGTCAC	0	0	JASPAR_CORE_2016_vertebrates	MA0071.1	RORA	6.01e-03	11	8	5	39	8.78e-07	7.90e-06
meme.xml	GCCTCAGCCTCCYAARKWGCTGGGATTACA	MEME-2	GCCTCAGCCTCCYAARKWGCTGGGATTACA	JASPAR_CORE_2016_vertebrates	MA0160.1	NR4A2	AAGGTCAC	0	0	JASPAR_CORE_2016_vertebrates	MA0071.1	RORA	6.01e-03	3	4	4	39	1.24e-06	1.11e-05
meme.xml	GCCTCAGCCTCCYAARKWGCTGGGATTACA	MEME-2	GCCTCAGCCTCCYAARKWGCTGGGATTACA	JASPAR_CORE_2016_vertebrates	MA0160.1	NR4A2	AAGGTCAC	0	0	JASPAR_CORE_2016_vertebrates	MA0071.1	RORA	6.01e-03	27	4	4	39	1.24e-06	1.11e-05
meme.xml	GCCTCAGCCTCCYAARKWGCTGGGATTACA	MEME-2	GCCTCAGCCTCCYAARKWGCTGGGATTACA	JASPAR_CORE_2016_vertebrates	MA0160.1	NR4A2	AAGGTCAC	0	0	JASPAR_CORE_2016_vertebrates	MA0071.1	RORA	6.01e-03	3	6	4	39	1.24e-06	1.11e-05
meme.xml	GCCTCAGCCTCCYAARKWGCTGGGATTACA	MEME-2	GCCTCAGCCTCCYAARKWGCTGGGATTACA	JASPAR_CORE_2016_vertebrates	MA0160.1	NR4A2	AAGGTCAC	0	0	JASPAR_CORE_2016_vertebrates	MA0071.1	RORA	6.01e-03	27	6	4	39	1.24e-06	1.11e-05
meme.xml	GCCTCAGCCTCCYAARKWGCTGGGATTACA	MEME-2	GCCTCAGCCTCCYAARKWGCTGGGATTACA	JASPAR_CORE_2016_vertebrates	MA0109.1	HLTF	NHMCWTDKNN	2	2	JASPAR_CORE_2016_vertebrates	MA0071.1	RORA	2.37e-01	9	0	4	33	3.86e-08	3.47e-07
meme.xml	GCCTCAGCCTCCYAARKWGCTGGGATTACA	MEME-2	GCCTCAGCCTCCYAARKWGCTGGGATTACA	JASPAR_CORE_2016_vertebrates	MA0109.1	HLTF	NHMCWTDKNN	2	2	JASPAR_CORE_2016_vertebrates	MA0071.1	RORA	2.37e-01	9	4	4	33	5.93e-07	5.34e-06
meme.xml	GCCTCAGCCTCCYAARKWGCTGGGATTACA	MEME-2	GCCTCAGCCTCCYAARKWGCTGGGATTACA	JASPAR_CORE_2016_vertebrates	MA0109.1	HLTF	NHMCWTDKNN	2	2	JASPAR_CORE_2016_vertebrates	MA0071.1	RORA	2.37e-01	9	5	4	33	5.93e-07	5.34e-06
meme.xml	GCCTCAGCCTCCYAARKWGCTGGGATTACA	MEME-2	GCCTCAGCCTCCYAARKWGCTGGGATTACA	JASPAR_CORE_2016_vertebrates	MA0442.1	SOX10	CWTTGT	0	0	JASPAR_CORE_2016_vertebrates	MA0071.1	RORA	1.77e+00	9	0	4	54	2.90e-07	2.61e-06
meme.xml	GCCTCAGCCTCCYAARKWGCTGGGATTACA	MEME-2	GCCTCAGCCTCCYAARKWGCTGGGATTACA	JASPAR_CORE_2016_vertebrates	MA0442.1	SOX10	CWTTGT	0	0	JASPAR_CORE_2016_vertebrates	MA0071.1	RORA	1.77e+00	73	0	4	54	2.90e-07	2.61e-06
meme.xml	GCCTCAGCCTCCYAARKWGCTGGGATTACA	MEME-2	GCCTCAGCCTCCYAARKWGCTGGGATTACA	JASPAR_CORE_2016_vertebrates	MA0442.1	SOX10	CWTTGT	0	0	JASPAR_CORE_2016_vertebrates	MA0071.1	RORA	1.77e+00	9	4	4	54	4.33e-06	3.90e-05
meme.xml	GCCTCAGCCTCCYAARKWGCTGGGATTACA	MEME-2	GCCTCAGCCTCCYAARKWGCTGGGATTACA	JASPAR_CORE_2016_vertebrates	MA0442.1	SOX10	CWTTGT	0	0	JASPAR_CORE_2016_vertebrates	MA0071.1	RORA	1.77e+00	73	4	4	54	4.33e-06	3.90e-05
meme.xml	GCCTCAGCCTCCYAARKWGCTGGGATTACA	MEME-2	GCCTCAGCCTCCYAARKWGCTGGGATTACA	JASPAR_CORE_2016_vertebrates	MA0442.1	SOX10	CWTTGT	0	0	JASPAR_CORE_2016_vertebrates	MA0071.1	RORA	1.77e+00	9	5	4	54	4.33e-06	3.90e-05
meme.xml	GCCTCAGCCTCCYAARKWGCTGGGATTACA	MEME-2	GCCTCAGCCTCCYAARKWGCTGGGATTACA	JASPAR_CORE_2016_vertebrates	MA0442.1	SOX10	CWTTGT	0	0	JASPAR_CORE_2016_vertebrates	MA0071.1	RORA	1.77e+00	73	5	4	54	4.33e-06	3.90e-05
meme.xml	GCCTCAGCCTCCYAARKWGCTGGGATTACA	MEME-2	GCCTCAGCCTCCYAARKWGCTGGGATTACA	JASPAR_CORE_2016_vertebrates	MA0902.1	HOXB2	NNTMATTANN	2	2	.	.	.	1.76e-06	22	3	6	23	2.87e-13	2.59e-12
meme.xml	GCCTCAGCCTCCYAARKWGCTGGGATTACA	MEME-2	GCCTCAGCCTCCYAARKWGCTGGGATTACA	JASPAR_CORE_2016_vertebrates	MA0902.1	HOXB2	NNTMATTANN	2	2	.	.	.	1.76e-06	22	5	6	23	1.79e-11	1.61e-10
meme.xml	GCCTCAGCCTCCYAARKWGCTGGGATTACA	MEME-2	GCCTCAGCCTCCYAARKWGCTGGGATTACA	JASPAR_CORE_2016_vertebrates	MA0902.1	HOXB2	NNTMATTANN	2	2	.	.	.	1.76e-06	22	7	6	23	1.79e-11	1.61e-10
meme.xml	GCCTCAGCCTCCYAARKWGCTGGGATTACA	MEME-2	GCCTCAGCCTCCYAARKWGCTGGGATTACA	JASPAR_CORE_2016_vertebrates	MA0902.1	HOXB2	NNTMATTANN	2	2	.	.	.	1.76e-06	22	8	6	23	1.09e-09	9.82e-09
meme.xml	GCCTCAGCCTCCYAARKWGCTGGGATTACA	MEME-2	GCCTCAGCCTCCYAARKWGCTGGGATTACA	JASPAR_CORE_2016_vertebrates	MA0902.1	HOXB2	NNTMATTANN	2	2	.	.	.	1.76e-06	77	1	4	23	8.47e-09	7.62e-08
meme.xml	GCCTCAGCCTCCYAARKWGCTGGGATTACA	MEME-2	GCCTCAGCCTCCYAARKWGCTGGGATTACA	JASPAR_CORE_2016_vertebrates	MA0902.1	HOXB2	NNTMATTANN	2	2	.	.	.	1.76e-06	77	4	4	23	1.32e-07	1.19e-06
meme.xml	GCCTCAGCCTCCYAARKWGCTGGGATTACA	MEME-2	GCCTCAGCCTCCYAARKWGCTGGGATTACA	JASPAR_CORE_2016_vertebrates	MA0902.1	HOXB2	NNTMATTANN	2	2	.	.	.	1.76e-06	77	6	4	23	1.32e-07	1.19e-06
meme.xml	GCCTCAGCCTCCYAARKWGCTGGGATTACA	MEME-2	GCCTCAGCCTCCYAARKWGCTGGGATTACA	JASPAR_CORE_2016_vertebrates	MA0902.1	HOXB2	NNTMATTANN	2	2	.	.	.	1.76e-06	77	8	4	23	2.00e-06	1.80e-05
meme.xml	GCCTCAGCCTCCYAARKWGCTGGGATTACA	MEME-2	GCCTCAGCCTCCYAARKWGCTGGGATTACA	JASPAR_CORE_2016_vertebrates	MA0710.1	NOTO	NYTAATTAVN	1	2	.	.	.	1.82e-06	21	2	6	23	2.99e-13	2.70e-12
meme.xml	GCCTCAGCCTCCYAARKWGCTGGGATTACA	MEME-2	GCCTCAGCCTCCYAARKWGCTGGGATTACA	JASPAR_CORE_2016_vertebrates	MA0710.1	NOTO	NYTAATTAVN	1	2	.	.	.	1.82e-06	21	6	6	23	1.87e-11	1.68e-10
meme.xml	GCCTCAGCCTCCYAARKWGCTGGGATTACA	MEME-2	GCCTCAGCCTCCYAARKWGCTGGGATTACA	JASPAR_CORE_2016_vertebrates	MA0710.1	NOTO	NYTAATTAVN	1	2	.	.	.	1.82e-06	21	7	6	23	1.87e-11	1.68e-10
meme.xml	GCCTCAGCCTCCYAARKWGCTGGGATTACA	MEME-2	GCCTCAGCCTCCYAARKWGCTGGGATTACA	JASPAR_CORE_2016_vertebrates	MA0710.1	NOTO	NYTAATTAVN	1	2	.	.	.	1.82e-06	21	8	6	23	1.14e-09	1.02e-08
meme.xml	GCCTCAGCCTCCYAARKWGCTGGGATTACA	MEME-2	GCCTCAGCCTCCYAARKWGCTGGGATTACA	JASPAR_CORE_2016_vertebrates	MA0710.1	NOTO	NYTAATTAVN	1	2	.	.	.	1.82e-06	77	0	3	23	1.00e-06	9.03e-06
meme.xml	GCCTCAGCCTCCYAARKWGCTGGGATTACA	MEME-2	GCCTCAGCCTCCYAARKWGCTGGGATTACA	JASPAR_CORE_2016_vertebrates	MA0039.2	Klf4	DGGGYGKGGC	0	0	.	.	.	5.32e-06	10	3	5	11	8.92e-13	8.02e-12
meme.xml	GCCTCAGCCTCCYAARKWGCTGGGATTACA	MEME-2	GCCTCAGCCTCCYAARKWGCTGGGATTACA	JASPAR_CORE_2016_vertebrates	MA0039.2	Klf4	DGGGYGKGGC	0	0	.	.	.	5.32e-06	10	5	5	11	2.83e-11	2.54e-10
meme.xml	GCCTCAGCCTCCYAARKWGCTGGGATTACA	MEME-2	GCCTCAGCCTCCYAARKWGCTGGGATTACA	JASPAR_CORE_2016_vertebrates	MA0039.2	Klf4	DGGGYGKGGC	0	0	.	.	.	5.32e-06	10	7	5	11	2.83e-11	2.54e-10
meme.xml	GCCTCAGCCTCCYAARKWGCTGGGATTACA	MEME-2	GCCTCAGCCTCCYAARKWGCTGGGATTACA	JASPAR_CORE_2016_vertebrates	MA0039.2	Klf4	DGGGYGKGGC	0	0	.	.	.	5.32e-06	10	8	5	11	8.89e-10	8.00e-09
meme.xml	GCCTCAGCCTCCYAARKWGCTGGGATTACA	MEME-2	GCCTCAGCCTCCYAARKWGCTGGGATTACA	JASPAR_CORE_2016_vertebrates	MA0746.1	SP3	VCCACGCCCMC	1	0	.	.	.	1.76e-04	11	2	5	20	2.95e-11	2.66e-10
meme.xml	GCCTCAGCCTCCYAARKWGCTGGGATTACA	MEME-2	GCCTCAGCCTCCYAARKWGCTGGGATTACA	JASPAR_CORE_2016_vertebrates	MA0746.1	SP3	VCCACGCCCMC	1	0	.	.	.	1.76e-04	11	6	5	20	9.24e-10	8.32e-09
meme.xml	GCCTCAGCCTCCYAARKWGCTGGGATTACA	MEME-2	GCCTCAGCCTCCYAARKWGCTGGGATTACA	JASPAR_CORE_2016_vertebrates	MA0746.1	SP3	VCCACGCCCMC	1	0	.	.	.	1.76e-04	11	7	5	20	9.24e-10	8.32e-09
meme.xml	GCCTCAGCCTCCYAARKWGCTGGGATTACA	MEME-2	GCCTCAGCCTCCYAARKWGCTGGGATTACA	JASPAR_CORE_2016_vertebrates	MA0746.1	SP3	VCCACGCCCMC	1	0	.	.	.	1.76e-04	11	8	5	20	2.83e-08	2.55e-07
meme.xml	GCCTCAGCCTCCYAARKWGCTGGGATTACA	MEME-2	GCCTCAGCCTCCYAARKWGCTGGGATTACA	JASPAR_CORE_2016_vertebrates	MA0103.2	ZEB1	VCWCACCTG	1	0	.	.	.	7.85e-04	12	2	4	9	1.30e-10	1.17e-09
meme.xml	GCCTCAGCCTCCYAARKWGCTGGGATTACA	MEME-2	GCCTCAGCCTCCYAARKWGCTGGGATTACA	JASPAR_CORE_2016_vertebrates	MA0103.2	ZEB1	VCWCACCTG	1	0	.	.	.	7.85e-04	12	6	4	9	2.06e-09	1.86e-08
meme.xml	GCCTCAGCCTCCYAARKWGCTGGGATTACA	MEME-2	GCCTCAGCCTCCYAARKWGCTGGGATTACA	JASPAR_CORE_2016_vertebrates	MA0103.2	ZEB1	VCWCACCTG	1	0	.	.	.	7.85e-04	12	7	4	9	2.06e-09	1.86e-08
meme.xml	GCCTCAGCCTCCYAARKWGCTGGGATTACA	MEME-2	GCCTCAGCCTCCYAARKWGCTGGGATTACA	JASPAR_CORE_2016_vertebrates	MA0103.2	ZEB1	VCWCACCTG	1	0	.	.	.	7.85e-04	12	8	4	9	3.26e-08	2.93e-07
meme.xml	GCCTCAGCCTCCYAARKWGCTGGGATTACA	MEME-2	GCCTCAGCCTCCYAARKWGCTGGGATTACA	JASPAR_CORE_2016_vertebrates	MA0497.1	MEF2C	DDDCYAAAAATAGMW	3	0	.	.	.	1.69e-03	65	1	5	30	2.87e-10	2.58e-09
meme.xml	GCCTCAGCCTCCYAARKWGCTGGGATTACA	MEME-2	GCCTCAGCCTCCYAARKWGCTGGGATTACA	JASPAR_CORE_2016_vertebrates	MA0497.1	MEF2C	DDDCYAAAAATAGMW	3	0	.	.	.	1.69e-03	65	4	5	30	8.85e-09	7.96e-08
meme.xml	GCCTCAGCCTCCYAARKWGCTGGGATTACA	MEME-2	GCCTCAGCCTCCYAARKWGCTGGGATTACA	JASPAR_CORE_2016_vertebrates	MA0497.1	MEF2C	DDDCYAAAAATAGMW	3	0	.	.	.	1.69e-03	65	6	5	30	8.85e-09	7.96e-08
meme.xml	GCCTCAGCCTCCYAARKWGCTGGGATTACA	MEME-2	GCCTCAGCCTCCYAARKWGCTGGGATTACA	JASPAR_CORE_2016_vertebrates	MA0497.1	MEF2C	DDDCYAAAAATAGMW	3	0	.	.	.	1.69e-03	65	8	5	30	2.63e-07	2.36e-06
meme.xml	GCCTCAGCCTCCYAARKWGCTGGGATTACA	MEME-2	GCCTCAGCCTCCYAARKWGCTGGGATTACA	JASPAR_CORE_2016_vertebrates	MA0084.1	SRY	NWWAACAAT	2	0	JASPAR_CORE_2016_vertebrates	MA0497.1	MEF2C	2.13e-01	71	1	4	32	3.49e-08	3.14e-07
meme.xml	GCCTCAGCCTCCYAARKWGCTGGGATTACA	MEME-2	GCCTCAGCCTCCYAARKWGCTGGGATTACA	JASPAR_CORE_2016_vertebrates	MA0084.1	SRY	NWWAACAAT	2	0	JASPAR_CORE_2016_vertebrates	MA0497.1	MEF2C	2.13e-01	71	4	4	32	5.37e-07	4.84e-06
meme.xml	GCCTCAGCCTCCYAARKWGCTGGGATTACA	MEME-2	GCCTCAGCCTCCYAARKWGCTGGGATTACA	JASPAR_CORE_2016_vertebrates	MA0084.1	SRY	NWWAACAAT	2	0	JASPAR_CORE_2016_vertebrates	MA0497.1	MEF2C	2.13e-01	71	6	4	32	5.37e-07	4.84e-06
meme.xml	GCCTCAGCCTCCYAARKWGCTGGGATTACA	MEME-2	GCCTCAGCCTCCYAARKWGCTGGGATTACA	JASPAR_CORE_2016_vertebrates	MA0602.1	Arid5a	SYAATATTGVDANH	1	2	JASPAR_CORE_2016_vertebrates	MA0497.1	MEF2C	2.06e+00	72	0	3	16	3.48e-07	3.13e-06
meme.xml	GCCTCAGCCTCCYAARKWGCTGGGATTACA	MEME-2	GCCTCAGCCTCCYAARKWGCTGGGATTACA	JASPAR_CORE_2016_vertebrates	MA0602.1	Arid5a	SYAATATTGVDANH	1	2	JASPAR_CORE_2016_vertebrates	MA0497.1	MEF2C	2.06e+00	22	2	3	16	3.48e-07	3.13e-06
meme.xml	GCCTCAGCCTCCYAARKWGCTGGGATTACA	MEME-2	GCCTCAGCCTCCYAARKWGCTGGGATTACA	JASPAR_CORE_2016_vertebrates	MA0602.1	Arid5a	SYAATATTGVDANH	1	2	JASPAR_CORE_2016_vertebrates	MA0497.1	MEF2C	2.06e+00	72	4	3	16	2.74e-06	2.46e-05
meme.xml	GCCTCAGCCTCCYAARKWGCTGGGATTACA	MEME-2	GCCTCAGCCTCCYAARKWGCTGGGATTACA	JASPAR_CORE_2016_vertebrates	MA0602.1	Arid5a	SYAATATTGVDANH	1	2	JASPAR_CORE_2016_vertebrates	MA0497.1	MEF2C	2.06e+00	72	5	3	16	2.74e-06	2.46e-05
meme.xml	GCCTCAGCCTCCYAARKWGCTGGGATTACA	MEME-2	GCCTCAGCCTCCYAARKWGCTGGGATTACA	JASPAR_CORE_2016_vertebrates	MA0602.1	Arid5a	SYAATATTGVDANH	1	2	JASPAR_CORE_2016_vertebrates	MA0497.1	MEF2C	2.06e+00	22	6	3	16	2.74e-06	2.46e-05
meme.xml	GCCTCAGCCTCCYAARKWGCTGGGATTACA	MEME-2	GCCTCAGCCTCCYAARKWGCTGGGATTACA	JASPAR_CORE_2016_vertebrates	MA0602.1	Arid5a	SYAATATTGVDANH	1	2	JASPAR_CORE_2016_vertebrates	MA0497.1	MEF2C	2.06e+00	22	7	3	16	2.74e-06	2.46e-05
meme.xml	GCCTCAGCCTCCYAARKWGCTGGGATTACA	MEME-2	GCCTCAGCCTCCYAARKWGCTGGGATTACA	JASPAR_CORE_2016_vertebrates	MA0516.1	SP2	GYCCCGCCYCYBSSS	0	4	.	.	.	3.27e-03	20	0	4	12	5.53e-10	4.98e-09
meme.xml	GCCTCAGCCTCCYAARKWGCTGGGATTACA	MEME-2	GCCTCAGCCTCCYAARKWGCTGGGATTACA	JASPAR_CORE_2016_vertebrates	MA0516.1	SP2	GYCCCGCCYCYBSSS	0	4	.	.	.	3.27e-03	20	4	4	12	8.75e-09	7.87e-08
meme.xml	GCCTCAGCCTCCYAARKWGCTGGGATTACA	MEME-2	GCCTCAGCCTCCYAARKWGCTGGGATTACA	JASPAR_CORE_2016_vertebrates	MA0516.1	SP2	GYCCCGCCYCYBSSS	0	4	.	.	.	3.27e-03	20	5	4	12	8.75e-09	7.87e-08
meme.xml	GCCTCAGCCTCCYAARKWGCTGGGATTACA	MEME-2	GCCTCAGCCTCCYAARKWGCTGGGATTACA	JASPAR_CORE_2016_vertebrates	MA0516.1	SP2	GYCCCGCCYCYBSSS	0	4	.	.	.	3.27e-03	20	8	4	12	1.37e-07	1.23e-06
meme.xml	GCCTCAGCCTCCYAARKWGCTGGGATTACA	MEME-2	GCCTCAGCCTCCYAARKWGCTGGGATTACA	JASPAR_CORE_2016_vertebrates	MA0079.3	SP1	GCCCCKCCCCC	1	0	JASPAR_CORE_2016_vertebrates	MA0516.1	SP2	3.08e-01	20	0	3	9	5.16e-08	4.64e-07
meme.xml	GCCTCAGCCTCCYAARKWGCTGGGATTACA	MEME-2	GCCTCAGCCTCCYAARKWGCTGGGATTACA	JASPAR_CORE_2016_vertebrates	MA0079.3	SP1	GCCCCKCCCCC	1	0	JASPAR_CORE_2016_vertebrates	MA0516.1	SP2	3.08e-01	20	4	3	9	4.10e-07	3.69e-06
meme.xml	GCCTCAGCCTCCYAARKWGCTGGGATTACA	MEME-2	GCCTCAGCCTCCYAARKWGCTGGGATTACA	JASPAR_CORE_2016_vertebrates	MA0079.3	SP1	GCCCCKCCCCC	1	0	JASPAR_CORE_2016_vertebrates	MA0516.1	SP2	3.08e-01	20	5	3	9	4.10e-07	3.69e-06
meme.xml	GCCTCAGCCTCCYAARKWGCTGGGATTACA	MEME-2	GCCTCAGCCTCCYAARKWGCTGGGATTACA	JASPAR_CORE_2016_vertebrates	MA0079.3	SP1	GCCCCKCCCCC	1	0	JASPAR_CORE_2016_vertebrates	MA0516.1	SP2	3.08e-01	20	8	3	9	3.22e-06	2.90e-05
meme.xml	GCCTCAGCCTCCYAARKWGCTGGGATTACA	MEME-2	GCCTCAGCCTCCYAARKWGCTGGGATTACA	JASPAR_CORE_2016_vertebrates	MA0799.1	RFX4	NGTWRCCATGGYWACS	1	1	.	.	.	3.49e-03	106	0	4	12	6.03e-10	5.43e-09
meme.xml	GCCTCAGCCTCCYAARKWGCTGGGATTACA	MEME-2	GCCTCAGCCTCCYAARKWGCTGGGATTACA	JASPAR_CORE_2016_vertebrates	MA0799.1	RFX4	NGTWRCCATGGYWACS	1	1	.	.	.	3.49e-03	106	4	4	12	9.53e-09	8.58e-08
meme.xml	GCCTCAGCCTCCYAARKWGCTGGGATTACA	MEME-2	GCCTCAGCCTCCYAARKWGCTGGGATTACA	JASPAR_CORE_2016_vertebrates	MA0799.1	RFX4	NGTWRCCATGGYWACS	1	1	.	.	.	3.49e-03	106	5	4	12	9.53e-09	8.58e-08
meme.xml	GCCTCAGCCTCCYAARKWGCTGGGATTACA	MEME-2	GCCTCAGCCTCCYAARKWGCTGGGATTACA	JASPAR_CORE_2016_vertebrates	MA0799.1	RFX4	NGTWRCCATGGYWACS	1	1	.	.	.	3.49e-03	106	8	4	12	1.49e-07	1.34e-06
meme.xml	GCCTCAGCCTCCYAARKWGCTGGGATTACA	MEME-2	GCCTCAGCCTCCYAARKWGCTGGGATTACA	JASPAR_CORE_2016_vertebrates	MA0739.1	Hic1	RTGCCAACY	0	1	JASPAR_CORE_2016_vertebrates	MA0799.1	RFX4	2.17e-01	109	1	4	32	3.59e-08	3.23e-07
meme.xml	GCCTCAGCCTCCYAARKWGCTGGGATTACA	MEME-2	GCCTCAGCCTCCYAARKWGCTGGGATTACA	JASPAR_CORE_2016_vertebrates	MA0739.1	Hic1	RTGCCAACY	0	1	JASPAR_CORE_2016_vertebrates	MA0799.1	RFX4	2.17e-01	109	4	4	32	5.52e-07	4.97e-06
meme.xml	GCCTCAGCCTCCYAARKWGCTGGGATTACA	MEME-2	GCCTCAGCCTCCYAARKWGCTGGGATTACA	JASPAR_CORE_2016_vertebrates	MA0739.1	Hic1	RTGCCAACY	0	1	JASPAR_CORE_2016_vertebrates	MA0799.1	RFX4	2.17e-01	109	6	4	32	5.52e-07	4.97e-06
meme.xml	GCCTCAGCCTCCYAARKWGCTGGGATTACA	MEME-2	GCCTCAGCCTCCYAARKWGCTGGGATTACA	JASPAR_CORE_2016_vertebrates	MA0483.1	Gfi1b	AAATCWCWGCH	0	1	JASPAR_CORE_2016_vertebrates	MA0799.1	RFX4	1.04e+00	107	1	3	13	1.75e-07	1.57e-06
meme.xml	GCCTCAGCCTCCYAARKWGCTGGGATTACA	MEME-2	GCCTCAGCCTCCYAARKWGCTGGGATTACA	JASPAR_CORE_2016_vertebrates	MA0483.1	Gfi1b	AAATCWCWGCH	0	1	JASPAR_CORE_2016_vertebrates	MA0799.1	RFX4	1.04e+00	107	4	3	13	1.38e-06	1.24e-05
meme.xml	GCCTCAGCCTCCYAARKWGCTGGGATTACA	MEME-2	GCCTCAGCCTCCYAARKWGCTGGGATTACA	JASPAR_CORE_2016_vertebrates	MA0483.1	Gfi1b	AAATCWCWGCH	0	1	JASPAR_CORE_2016_vertebrates	MA0799.1	RFX4	1.04e+00	107	6	3	13	1.38e-06	1.24e-05
meme.xml	GCCTCAGCCTCCYAARKWGCTGGGATTACA	MEME-2	GCCTCAGCCTCCYAARKWGCTGGGATTACA	JASPAR_CORE_2016_vertebrates	MA0648.1	GSC	VYTAATCCSY	2	2	JASPAR_CORE_2016_vertebrates	MA0799.1	RFX4	2.79e+00	107	1	3	18	4.56e-07	4.10e-06
meme.xml	GCCTCAGCCTCCYAARKWGCTGGGATTACA	MEME-2	GCCTCAGCCTCCYAARKWGCTGGGATTACA	JASPAR_CORE_2016_vertebrates	MA0648.1	GSC	VYTAATCCSY	2	2	JASPAR_CORE_2016_vertebrates	MA0799.1	RFX4	2.79e+00	107	4	3	18	3.58e-06	3.22e-05
meme.xml	GCCTCAGCCTCCYAARKWGCTGGGATTACA	MEME-2	GCCTCAGCCTCCYAARKWGCTGGGATTACA	JASPAR_CORE_2016_vertebrates	MA0648.1	GSC	VYTAATCCSY	2	2	JASPAR_CORE_2016_vertebrates	MA0799.1	RFX4	2.79e+00	107	6	3	18	3.58e-06	3.22e-05
meme.xml	GCCTCAGCCTCCYAARKWGCTGGGATTACA	MEME-2	GCCTCAGCCTCCYAARKWGCTGGGATTACA	JASPAR_CORE_2016_vertebrates	MA0682.1	Pitx1	YTAATCCH	1	1	JASPAR_CORE_2016_vertebrates	MA0799.1	RFX4	2.79e+00	107	1	3	18	4.56e-07	4.10e-06
meme.xml	GCCTCAGCCTCCYAARKWGCTGGGATTACA	MEME-2	GCCTCAGCCTCCYAARKWGCTGGGATTACA	JASPAR_CORE_2016_vertebrates	MA0682.1	Pitx1	YTAATCCH	1	1	JASPAR_CORE_2016_vertebrates	MA0799.1	RFX4	2.79e+00	107	4	3	18	3.58e-06	3.22e-05
meme.xml	GCCTCAGCCTCCYAARKWGCTGGGATTACA	MEME-2	GCCTCAGCCTCCYAARKWGCTGGGATTACA	JASPAR_CORE_2016_vertebrates	MA0682.1	Pitx1	YTAATCCH	1	1	JASPAR_CORE_2016_vertebrates	MA0799.1	RFX4	2.79e+00	107	6	3	18	3.58e-06	3.22e-05
meme.xml	GCCTCAGCCTCCYAARKWGCTGGGATTACA	MEME-2	GCCTCAGCCTCCYAARKWGCTGGGATTACA	JASPAR_CORE_2016_vertebrates	MA0711.1	OTX1	HTAATCCS	1	1	JASPAR_CORE_2016_vertebrates	MA0799.1	RFX4	2.79e+00	107	1	3	18	4.56e-07	4.10e-06
meme.xml	GCCTCAGCCTCCYAARKWGCTGGGATTACA	MEME-2	GCCTCAGCCTCCYAARKWGCTGGGATTACA	JASPAR_CORE_2016_vertebrates	MA0711.1	OTX1	HTAATCCS	1	1	JASPAR_CORE_2016_vertebrates	MA0799.1	RFX4	2.79e+00	107	4	3	18	3.58e-06	3.22e-05
meme.xml	GCCTCAGCCTCCYAARKWGCTGGGATTACA	MEME-2	GCCTCAGCCTCCYAARKWGCTGGGATTACA	JASPAR_CORE_2016_vertebrates	MA0711.1	OTX1	HTAATCCS	1	1	JASPAR_CORE_2016_vertebrates	MA0799.1	RFX4	2.79e+00	107	6	3	18	3.58e-06	3.22e-05
meme.xml	GCCTCAGCCTCCYAARKWGCTGGGATTACA	MEME-2	GCCTCAGCCTCCYAARKWGCTGGGATTACA	JASPAR_CORE_2016_vertebrates	MA0712.1	OTX2	YTAATCCB	1	1	JASPAR_CORE_2016_vertebrates	MA0799.1	RFX4	2.79e+00	107	1	3	18	4.56e-07	4.10e-06
meme.xml	GCCTCAGCCTCCYAARKWGCTGGGATTACA	MEME-2	GCCTCAGCCTCCYAARKWGCTGGGATTACA	JASPAR_CORE_2016_vertebrates	MA0712.1	OTX2	YTAATCCB	1	1	JASPAR_CORE_2016_vertebrates	MA0799.1	RFX4	2.79e+00	107	4	3	18	3.58e-06	3.22e-05
meme.xml	GCCTCAGCCTCCYAARKWGCTGGGATTACA	MEME-2	GCCTCAGCCTCCYAARKWGCTGGGATTACA	JASPAR_CORE_2016_vertebrates	MA0712.1	OTX2	YTAATCCB	1	1	JASPAR_CORE_2016_vertebrates	MA0799.1	RFX4	2.79e+00	107	6	3	18	3.58e-06	3.22e-05
meme.xml	GCCTCAGCCTCCYAARKWGCTGGGATTACA	MEME-2	GCCTCAGCCTCCYAARKWGCTGGGATTACA	JASPAR_CORE_2016_vertebrates	MA0714.1	PITX3	NYTAATCCC	2	1	JASPAR_CORE_2016_vertebrates	MA0799.1	RFX4	3.30e+00	107	1	3	19	5.41e-07	4.86e-06
meme.xml	GCCTCAGCCTCCYAARKWGCTGGGATTACA	MEME-2	GCCTCAGCCTCCYAARKWGCTGGGATTACA	JASPAR_CORE_2016_vertebrates	MA0714.1	PITX3	NYTAATCCC	2	1	JASPAR_CORE_2016_vertebrates	MA0799.1	RFX4	3.30e+00	107	4	3	19	4.24e-06	3.81e-05
meme.xml	GCCTCAGCCTCCYAARKWGCTGGGATTACA	MEME-2	GCCTCAGCCTCCYAARKWGCTGGGATTACA	JASPAR_CORE_2016_vertebrates	MA0714.1	PITX3	NYTAATCCC	2	1	JASPAR_CORE_2016_vertebrates	MA0799.1	RFX4	3.30e+00	107	6	3	19	4.24e-06	3.81e-05
meme.xml	GCCTCAGCCTCCYAARKWGCTGGGATTACA	MEME-2	GCCTCAGCCTCCYAARKWGCTGGGATTACA	meme.xml	GCCTCAGCCTCCYAARKWGCTGGGATTACA	MEME-2	GCCTCAGCCTCCYAARKWGCTGGGATTACA	0	0	meme.xml	MA0799.1	RFX4	3.33e+00	105	0	3	17	6.52e-07	5.87e-06
meme.xml	GCCTCAGCCTCCYAARKWGCTGGGATTACA	MEME-2	GCCTCAGCCTCCYAARKWGCTGGGATTACA	meme.xml	GCCTCAGCCTCCYAARKWGCTGGGATTACA	MEME-2	GCCTCAGCCTCCYAARKWGCTGGGATTACA	0	0	meme.xml	MA0799.1	RFX4	3.33e+00	104	8	4	17	1.13e-06	1.02e-05
meme.xml	GCCTCAGCCTCCYAARKWGCTGGGATTACA	MEME-2	GCCTCAGCCTCCYAARKWGCTGGGATTACA	meme.xml	GCCTCAGCCTCCYAARKWGCTGGGATTACA	MEME-2	GCCTCAGCCTCCYAARKWGCTGGGATTACA	0	0	meme.xml	MA0799.1	RFX4	3.33e+00	105	8	4	17	1.13e-06	1.02e-05
meme.xml	GCCTCAGCCTCCYAARKWGCTGGGATTACA	MEME-2	GCCTCAGCCTCCYAARKWGCTGGGATTACA	meme.xml	GCCTCAGCCTCCYAARKWGCTGGGATTACA	MEME-2	GCCTCAGCCTCCYAARKWGCTGGGATTACA	0	0	meme.xml	MA0799.1	RFX4	3.33e+00	105	4	3	17	5.10e-06	4.59e-05
meme.xml	GCCTCAGCCTCCYAARKWGCTGGGATTACA	MEME-2	GCCTCAGCCTCCYAARKWGCTGGGATTACA	meme.xml	GCCTCAGCCTCCYAARKWGCTGGGATTACA	MEME-2	GCCTCAGCCTCCYAARKWGCTGGGATTACA	0	0	meme.xml	MA0799.1	RFX4	3.33e+00	105	5	3	17	5.10e-06	4.59e-05
meme.xml	GCCTCAGCCTCCYAARKWGCTGGGATTACA	MEME-2	GCCTCAGCCTCCYAARKWGCTGGGATTACA	JASPAR_CORE_2016_vertebrates	MA0891.1	GSC2	NYTAATCCBH	2	2	JASPAR_CORE_2016_vertebrates	MA0799.1	RFX4	4.52e+00	107	1	3	21	7.40e-07	6.66e-06
meme.xml	GCCTCAGCCTCCYAARKWGCTGGGATTACA	MEME-2	GCCTCAGCCTCCYAARKWGCTGGGATTACA	JASPAR_CORE_2016_vertebrates	MA0130.1	ZNF354C	MTCCAC	0	0	.	.	.	6.49e-03	9	2	5	40	1.06e-09	9.53e-09
meme.xml	GCCTCAGCCTCCYAARKWGCTGGGATTACA	MEME-2	GCCTCAGCCTCCYAARKWGCTGGGATTACA	JASPAR_CORE_2016_vertebrates	MA0130.1	ZNF354C	MTCCAC	0	0	.	.	.	6.49e-03	9	6	5	40	3.22e-08	2.90e-07
meme.xml	GCCTCAGCCTCCYAARKWGCTGGGATTACA	MEME-2	GCCTCAGCCTCCYAARKWGCTGGGATTACA	JASPAR_CORE_2016_vertebrates	MA0130.1	ZNF354C	MTCCAC	0	0	.	.	.	6.49e-03	9	7	5	40	3.22e-08	2.90e-07
meme.xml	GCCTCAGCCTCCYAARKWGCTGGGATTACA	MEME-2	GCCTCAGCCTCCYAARKWGCTGGGATTACA	JASPAR_CORE_2016_vertebrates	MA0130.1	ZNF354C	MTCCAC	0	0	.	.	.	6.49e-03	9	8	5	40	9.33e-07	8.40e-06
meme.xml	GCCTCAGCCTCCYAARKWGCTGGGATTACA	MEME-2	GCCTCAGCCTCCYAARKWGCTGGGATTACA	JASPAR_CORE_2016_vertebrates	MA0006.1	Ahr::Arnt	YGCGTG	0	0	.	.	.	8.09e-03	0	2	4	15	1.32e-09	1.19e-08
meme.xml	GCCTCAGCCTCCYAARKWGCTGGGATTACA	MEME-2	GCCTCAGCCTCCYAARKWGCTGGGATTACA	JASPAR_CORE_2016_vertebrates	MA0006.1	Ahr::Arnt	YGCGTG	0	0	.	.	.	8.09e-03	0	6	4	15	2.08e-08	1.87e-07
meme.xml	GCCTCAGCCTCCYAARKWGCTGGGATTACA	MEME-2	GCCTCAGCCTCCYAARKWGCTGGGATTACA	JASPAR_CORE_2016_vertebrates	MA0006.1	Ahr::Arnt	YGCGTG	0	0	.	.	.	8.09e-03	0	7	4	15	2.08e-08	1.87e-07
meme.xml	GCCTCAGCCTCCYAARKWGCTGGGATTACA	MEME-2	GCCTCAGCCTCCYAARKWGCTGGGATTACA	JASPAR_CORE_2016_vertebrates	MA0006.1	Ahr::Arnt	YGCGTG	0	0	.	.	.	8.09e-03	12	3	3	15	2.55e-07	2.30e-06
meme.xml	GCCTCAGCCTCCYAARKWGCTGGGATTACA	MEME-2	GCCTCAGCCTCCYAARKWGCTGGGATTACA	JASPAR_CORE_2016_vertebrates	MA0006.1	Ahr::Arnt	YGCGTG	0	0	.	.	.	8.09e-03	0	8	4	15	3.23e-07	2.91e-06
meme.xml	GCCTCAGCCTCCYAARKWGCTGGGATTACA	MEME-2	GCCTCAGCCTCCYAARKWGCTGGGATTACA	JASPAR_CORE_2016_vertebrates	MA0006.1	Ahr::Arnt	YGCGTG	0	0	.	.	.	8.09e-03	12	5	3	15	2.01e-06	1.81e-05
meme.xml	GCCTCAGCCTCCYAARKWGCTGGGATTACA	MEME-2	GCCTCAGCCTCCYAARKWGCTGGGATTACA	JASPAR_CORE_2016_vertebrates	MA0006.1	Ahr::Arnt	YGCGTG	0	0	.	.	.	8.09e-03	12	7	3	15	2.01e-06	1.81e-05
meme.xml	GCCTCAGCCTCCYAARKWGCTGGGATTACA	MEME-2	GCCTCAGCCTCCYAARKWGCTGGGATTACA	JASPAR_CORE_2016_vertebrates	MA0522.2	TCF3	HRCACCTGBN	1	1	.	.	.	8.44e-03	13	2	4	15	1.40e-09	1.26e-08
meme.xml	GCCTCAGCCTCCYAARKWGCTGGGATTACA	MEME-2	GCCTCAGCCTCCYAARKWGCTGGGATTACA	JASPAR_CORE_2016_vertebrates	MA0522.2	TCF3	HRCACCTGBN	1	1	.	.	.	8.44e-03	100	4	4	15	2.20e-08	1.98e-07
meme.xml	GCCTCAGCCTCCYAARKWGCTGGGATTACA	MEME-2	GCCTCAGCCTCCYAARKWGCTGGGATTACA	JASPAR_CORE_2016_vertebrates	MA0522.2	TCF3	HRCACCTGBN	1	1	.	.	.	8.44e-03	13	6	4	15	2.20e-08	1.98e-07
meme.xml	GCCTCAGCCTCCYAARKWGCTGGGATTACA	MEME-2	GCCTCAGCCTCCYAARKWGCTGGGATTACA	JASPAR_CORE_2016_vertebrates	MA0522.2	TCF3	HRCACCTGBN	1	1	.	.	.	8.44e-03	13	7	4	15	2.20e-08	1.98e-07
meme.xml	GCCTCAGCCTCCYAARKWGCTGGGATTACA	MEME-2	GCCTCAGCCTCCYAARKWGCTGGGATTACA	JASPAR_CORE_2016_vertebrates	MA0522.2	TCF3	HRCACCTGBN	1	1	.	.	.	8.44e-03	100	1	3	15	2.66e-07	2.39e-06
meme.xml	GCCTCAGCCTCCYAARKWGCTGGGATTACA	MEME-2	GCCTCAGCCTCCYAARKWGCTGGGATTACA	JASPAR_CORE_2016_vertebrates	MA0522.2	TCF3	HRCACCTGBN	1	1	.	.	.	8.44e-03	13	8	4	15	3.41e-07	3.07e-06
meme.xml	GCCTCAGCCTCCYAARKWGCTGGGATTACA	MEME-2	GCCTCAGCCTCCYAARKWGCTGGGATTACA	JASPAR_CORE_2016_vertebrates	MA0522.2	TCF3	HRCACCTGBN	1	1	.	.	.	8.44e-03	100	8	4	15	3.41e-07	3.07e-06
meme.xml	GCCTCAGCCTCCYAARKWGCTGGGATTACA	MEME-2	GCCTCAGCCTCCYAARKWGCTGGGATTACA	JASPAR_CORE_2016_vertebrates	MA0522.2	TCF3	HRCACCTGBN	1	1	.	.	.	8.44e-03	100	6	3	15	2.09e-06	1.88e-05
meme.xml	GCCTCAGCCTCCYAARKWGCTGGGATTACA	MEME-2	GCCTCAGCCTCCYAARKWGCTGGGATTACA	JASPAR_CORE_2016_vertebrates	MA0830.1	TCF4	HRCACCTGBN	1	1	.	.	.	8.44e-03	13	2	4	15	1.40e-09	1.26e-08
meme.xml	GCCTCAGCCTCCYAARKWGCTGGGATTACA	MEME-2	GCCTCAGCCTCCYAARKWGCTGGGATTACA	JASPAR_CORE_2016_vertebrates	MA0830.1	TCF4	HRCACCTGBN	1	1	.	.	.	8.44e-03	100	4	4	15	2.20e-08	1.98e-07
meme.xml	GCCTCAGCCTCCYAARKWGCTGGGATTACA	MEME-2	GCCTCAGCCTCCYAARKWGCTGGGATTACA	JASPAR_CORE_2016_vertebrates	MA0830.1	TCF4	HRCACCTGBN	1	1	.	.	.	8.44e-03	13	6	4	15	2.20e-08	1.98e-07
meme.xml	GCCTCAGCCTCCYAARKWGCTGGGATTACA	MEME-2	GCCTCAGCCTCCYAARKWGCTGGGATTACA	JASPAR_CORE_2016_vertebrates	MA0830.1	TCF4	HRCACCTGBN	1	1	.	.	.	8.44e-03	13	7	4	15	2.20e-08	1.98e-07
meme.xml	GCCTCAGCCTCCYAARKWGCTGGGATTACA	MEME-2	GCCTCAGCCTCCYAARKWGCTGGGATTACA	JASPAR_CORE_2016_vertebrates	MA0830.1	TCF4	HRCACCTGBN	1	1	.	.	.	8.44e-03	100	1	3	15	2.66e-07	2.39e-06
meme.xml	GCCTCAGCCTCCYAARKWGCTGGGATTACA	MEME-2	GCCTCAGCCTCCYAARKWGCTGGGATTACA	JASPAR_CORE_2016_vertebrates	MA0830.1	TCF4	HRCACCTGBN	1	1	.	.	.	8.44e-03	13	8	4	15	3.41e-07	3.07e-06
meme.xml	GCCTCAGCCTCCYAARKWGCTGGGATTACA	MEME-2	GCCTCAGCCTCCYAARKWGCTGGGATTACA	JASPAR_CORE_2016_vertebrates	MA0830.1	TCF4	HRCACCTGBN	1	1	.	.	.	8.44e-03	100	8	4	15	3.41e-07	3.07e-06
meme.xml	GCCTCAGCCTCCYAARKWGCTGGGATTACA	MEME-2	GCCTCAGCCTCCYAARKWGCTGGGATTACA	JASPAR_CORE_2016_vertebrates	MA0830.1	TCF4	HRCACCTGBN	1	1	.	.	.	8.44e-03	100	6	3	15	2.09e-06	1.88e-05
meme.xml	GCCTCAGCCTCCYAARKWGCTGGGATTACA	MEME-2	GCCTCAGCCTCCYAARKWGCTGGGATTACA	JASPAR_CORE_2016_vertebrates	MA0824.1	ID4	NRCACCTGBH	1	1	.	.	.	2.38e-02	13	2	4	19	3.94e-09	3.55e-08
meme.xml	GCCTCAGCCTCCYAARKWGCTGGGATTACA	MEME-2	GCCTCAGCCTCCYAARKWGCTGGGATTACA	JASPAR_CORE_2016_vertebrates	MA0824.1	ID4	NRCACCTGBH	1	1	.	.	.	2.38e-02	100	4	4	19	6.17e-08	5.56e-07
meme.xml	GCCTCAGCCTCCYAARKWGCTGGGATTACA	MEME-2	GCCTCAGCCTCCYAARKWGCTGGGATTACA	JASPAR_CORE_2016_vertebrates	MA0824.1	ID4	NRCACCTGBH	1	1	.	.	.	2.38e-02	13	6	4	19	6.17e-08	5.56e-07
meme.xml	GCCTCAGCCTCCYAARKWGCTGGGATTACA	MEME-2	GCCTCAGCCTCCYAARKWGCTGGGATTACA	JASPAR_CORE_2016_vertebrates	MA0824.1	ID4	NRCACCTGBH	1	1	.	.	.	2.38e-02	13	7	4	19	6.17e-08	5.56e-07
meme.xml	GCCTCAGCCTCCYAARKWGCTGGGATTACA	MEME-2	GCCTCAGCCTCCYAARKWGCTGGGATTACA	JASPAR_CORE_2016_vertebrates	MA0824.1	ID4	NRCACCTGBH	1	1	.	.	.	2.38e-02	100	1	3	19	5.63e-07	5.07e-06
meme.xml	GCCTCAGCCTCCYAARKWGCTGGGATTACA	MEME-2	GCCTCAGCCTCCYAARKWGCTGGGATTACA	JASPAR_CORE_2016_vertebrates	MA0824.1	ID4	NRCACCTGBH	1	1	.	.	.	2.38e-02	13	8	4	19	9.47e-07	8.52e-06
meme.xml	GCCTCAGCCTCCYAARKWGCTGGGATTACA	MEME-2	GCCTCAGCCTCCYAARKWGCTGGGATTACA	JASPAR_CORE_2016_vertebrates	MA0824.1	ID4	NRCACCTGBH	1	1	.	.	.	2.38e-02	100	8	4	19	9.47e-07	8.52e-06
meme.xml	GCCTCAGCCTCCYAARKWGCTGGGATTACA	MEME-2	GCCTCAGCCTCCYAARKWGCTGGGATTACA	JASPAR_CORE_2016_vertebrates	MA0824.1	ID4	NRCACCTGBH	1	1	.	.	.	2.38e-02	100	6	3	19	4.41e-06	3.97e-05
meme.xml	GCCTCAGCCTCCYAARKWGCTGGGATTACA	MEME-2	GCCTCAGCCTCCYAARKWGCTGGGATTACA	JASPAR_CORE_2016_vertebrates	MA0161.1	NFIC	TTGGCA	0	1	.	.	.	4.68e-02	17	2	5	59	7.58e-09	6.82e-08
meme.xml	GCCTCAGCCTCCYAARKWGCTGGGATTACA	MEME-2	GCCTCAGCCTCCYAARKWGCTGGGATTACA	JASPAR_CORE_2016_vertebrates	MA0161.1	NFIC	TTGGCA	0	1	.	.	.	4.68e-02	17	6	5	59	2.25e-07	2.02e-06
meme.xml	GCCTCAGCCTCCYAARKWGCTGGGATTACA	MEME-2	GCCTCAGCCTCCYAARKWGCTGGGATTACA	JASPAR_CORE_2016_vertebrates	MA0161.1	NFIC	TTGGCA	0	1	.	.	.	4.68e-02	17	7	5	59	2.25e-07	2.02e-06
meme.xml	GCCTCAGCCTCCYAARKWGCTGGGATTACA	MEME-2	GCCTCAGCCTCCYAARKWGCTGGGATTACA	JASPAR_CORE_2016_vertebrates	MA0161.1	NFIC	TTGGCA	0	1	.	.	.	4.68e-02	39	0	4	59	4.03e-07	3.63e-06
meme.xml	GCCTCAGCCTCCYAARKWGCTGGGATTACA	MEME-2	GCCTCAGCCTCCYAARKWGCTGGGATTACA	JASPAR_CORE_2016_vertebrates	MA0161.1	NFIC	TTGGCA	0	1	.	.	.	4.68e-02	36	1	4	59	4.03e-07	3.63e-06
meme.xml	GCCTCAGCCTCCYAARKWGCTGGGATTACA	MEME-2	GCCTCAGCCTCCYAARKWGCTGGGATTACA	JASPAR_CORE_2016_vertebrates	MA0014.2	PAX5	VDRRKCAGYSRAGCRTGAC	2	0	.	.	.	6.56e-02	69	1	4	23	1.16e-08	1.04e-07
meme.xml	GCCTCAGCCTCCYAARKWGCTGGGATTACA	MEME-2	GCCTCAGCCTCCYAARKWGCTGGGATTACA	JASPAR_CORE_2016_vertebrates	MA0014.2	PAX5	VDRRKCAGYSRAGCRTGAC	2	0	.	.	.	6.56e-02	69	4	4	23	1.80e-07	1.62e-06
meme.xml	GCCTCAGCCTCCYAARKWGCTGGGATTACA	MEME-2	GCCTCAGCCTCCYAARKWGCTGGGATTACA	JASPAR_CORE_2016_vertebrates	MA0014.2	PAX5	VDRRKCAGYSRAGCRTGAC	2	0	.	.	.	6.56e-02	69	6	4	23	1.80e-07	1.62e-06
meme.xml	GCCTCAGCCTCCYAARKWGCTGGGATTACA	MEME-2	GCCTCAGCCTCCYAARKWGCTGGGATTACA	JASPAR_CORE_2016_vertebrates	MA0014.2	PAX5	VDRRKCAGYSRAGCRTGAC	2	0	.	.	.	6.56e-02	10	3	3	23	1.24e-06	1.12e-05
meme.xml	GCCTCAGCCTCCYAARKWGCTGGGATTACA	MEME-2	GCCTCAGCCTCCYAARKWGCTGGGATTACA	JASPAR_CORE_2016_vertebrates	MA0014.2	PAX5	VDRRKCAGYSRAGCRTGAC	2	0	.	.	.	6.56e-02	69	8	4	23	2.72e-06	2.45e-05
meme.xml	GCCTCAGCCTCCYAARKWGCTGGGATTACA	MEME-2	GCCTCAGCCTCCYAARKWGCTGGGATTACA	JASPAR_CORE_2016_vertebrates	MA0146.2	Zfx	SSSGCCBVGGCCTS	3	1	.	.	.	6.76e-02	14	2	4	24	1.13e-08	1.02e-07
meme.xml	GCCTCAGCCTCCYAARKWGCTGGGATTACA	MEME-2	GCCTCAGCCTCCYAARKWGCTGGGATTACA	JASPAR_CORE_2016_vertebrates	MA0146.2	Zfx	SSSGCCBVGGCCTS	3	1	.	.	.	6.76e-02	14	8	5	24	7.57e-08	6.82e-07
meme.xml	GCCTCAGCCTCCYAARKWGCTGGGATTACA	MEME-2	GCCTCAGCCTCCYAARKWGCTGGGATTACA	JASPAR_CORE_2016_vertebrates	MA0146.2	Zfx	SSSGCCBVGGCCTS	3	1	.	.	.	6.76e-02	14	6	4	24	1.76e-07	1.59e-06
meme.xml	GCCTCAGCCTCCYAARKWGCTGGGATTACA	MEME-2	GCCTCAGCCTCCYAARKWGCTGGGATTACA	JASPAR_CORE_2016_vertebrates	MA0146.2	Zfx	SSSGCCBVGGCCTS	3	1	.	.	.	6.76e-02	14	7	4	24	1.76e-07	1.59e-06
meme.xml	GCCTCAGCCTCCYAARKWGCTGGGATTACA	MEME-2	GCCTCAGCCTCCYAARKWGCTGGGATTACA	JASPAR_CORE_2016_vertebrates	MA0511.2	RUNX2	WAACCGCAA	0	0	.	.	.	7.25e-02	8	2	3	6	1.21e-08	1.09e-07
meme.xml	GCCTCAGCCTCCYAARKWGCTGGGATTACA	MEME-2	GCCTCAGCCTCCYAARKWGCTGGGATTACA	JASPAR_CORE_2016_vertebrates	MA0511.2	RUNX2	WAACCGCAA	0	0	.	.	.	7.25e-02	8	6	3	6	9.62e-08	8.66e-07
meme.xml	GCCTCAGCCTCCYAARKWGCTGGGATTACA	MEME-2	GCCTCAGCCTCCYAARKWGCTGGGATTACA	JASPAR_CORE_2016_vertebrates	MA0511.2	RUNX2	WAACCGCAA	0	0	.	.	.	7.25e-02	8	7	3	6	9.62e-08	8.66e-07
meme.xml	GCCTCAGCCTCCYAARKWGCTGGGATTACA	MEME-2	GCCTCAGCCTCCYAARKWGCTGGGATTACA	JASPAR_CORE_2016_vertebrates	MA0511.2	RUNX2	WAACCGCAA	0	0	.	.	.	7.25e-02	8	8	3	6	7.64e-07	6.87e-06
meme.xml	GCCTCAGCCTCCYAARKWGCTGGGATTACA	MEME-2	GCCTCAGCCTCCYAARKWGCTGGGATTACA	JASPAR_CORE_2016_vertebrates	MA0050.2	IRF1	NTTYASTTTCACTTTCDBTTT	3	0	.	.	.	1.02e-01	95	0	5	64	1.81e-08	1.63e-07
meme.xml	GCCTCAGCCTCCYAARKWGCTGGGATTACA	MEME-2	GCCTCAGCCTCCYAARKWGCTGGGATTACA	JASPAR_CORE_2016_vertebrates	MA0050.2	IRF1	NTTYASTTTCACTTTCDBTTT	3	0	.	.	.	1.02e-01	95	4	5	64	5.29e-07	4.76e-06
meme.xml	GCCTCAGCCTCCYAARKWGCTGGGATTACA	MEME-2	GCCTCAGCCTCCYAARKWGCTGGGATTACA	JASPAR_CORE_2016_vertebrates	MA0050.2	IRF1	NTTYASTTTCACTTTCDBTTT	3	0	.	.	.	1.02e-01	95	5	5	64	5.29e-07	4.76e-06
meme.xml	GCCTCAGCCTCCYAARKWGCTGGGATTACA	MEME-2	GCCTCAGCCTCCYAARKWGCTGGGATTACA	JASPAR_CORE_2016_vertebrates	MA0481.1	FOXP1	MWAADGTAAACAAAR	3	1	JASPAR_CORE_2016_vertebrates	MA0050.2	IRF1	1.69e+00	98	1	5	117	2.86e-07	2.58e-06
meme.xml	GCCTCAGCCTCCYAARKWGCTGGGATTACA	MEME-2	GCCTCAGCCTCCYAARKWGCTGGGATTACA	JASPAR_CORE_2016_vertebrates	MA0806.1	TBX4	AGGTGTGA	0	0	.	.	.	1.24e-01	11	3	4	28	2.06e-08	1.85e-07
meme.xml	GCCTCAGCCTCCYAARKWGCTGGGATTACA	MEME-2	GCCTCAGCCTCCYAARKWGCTGGGATTACA	JASPAR_CORE_2016_vertebrates	MA0806.1	TBX4	AGGTGTGA	0	0	.	.	.	1.24e-01	11	5	4	28	3.18e-07	2.86e-06
meme.xml	GCCTCAGCCTCCYAARKWGCTGGGATTACA	MEME-2	GCCTCAGCCTCCYAARKWGCTGGGATTACA	JASPAR_CORE_2016_vertebrates	MA0806.1	TBX4	AGGTGTGA	0	0	.	.	.	1.24e-01	11	7	4	28	3.18e-07	2.86e-06
meme.xml	GCCTCAGCCTCCYAARKWGCTGGGATTACA	MEME-2	GCCTCAGCCTCCYAARKWGCTGGGATTACA	JASPAR_CORE_2016_vertebrates	MA0806.1	TBX4	AGGTGTGA	0	0	.	.	.	1.24e-01	47	0	3	28	1.88e-06	1.69e-05
meme.xml	GCCTCAGCCTCCYAARKWGCTGGGATTACA	MEME-2	GCCTCAGCCTCCYAARKWGCTGGGATTACA	JASPAR_CORE_2016_vertebrates	MA0689.1	TBX20	WAGGTGTGAAR	0	0	.	.	.	1.30e-01	45	0	3	7	2.20e-08	1.98e-07
meme.xml	GCCTCAGCCTCCYAARKWGCTGGGATTACA	MEME-2	GCCTCAGCCTCCYAARKWGCTGGGATTACA	JASPAR_CORE_2016_vertebrates	MA0689.1	TBX20	WAGGTGTGAAR	0	0	.	.	.	1.30e-01	45	4	3	7	1.75e-07	1.58e-06
meme.xml	GCCTCAGCCTCCYAARKWGCTGGGATTACA	MEME-2	GCCTCAGCCTCCYAARKWGCTGGGATTACA	JASPAR_CORE_2016_vertebrates	MA0689.1	TBX20	WAGGTGTGAAR	0	0	.	.	.	1.30e-01	45	5	3	7	1.75e-07	1.58e-06
meme.xml	GCCTCAGCCTCCYAARKWGCTGGGATTACA	MEME-2	GCCTCAGCCTCCYAARKWGCTGGGATTACA	JASPAR_CORE_2016_vertebrates	MA0689.1	TBX20	WAGGTGTGAAR	0	0	.	.	.	1.30e-01	45	8	3	7	1.39e-06	1.25e-05
meme.xml	GCCTCAGCCTCCYAARKWGCTGGGATTACA	MEME-2	GCCTCAGCCTCCYAARKWGCTGGGATTACA	JASPAR_CORE_2016_vertebrates	MA0690.1	TBX21	AAGGTGTGAA	0	0	JASPAR_CORE_2016_vertebrates	MA0689.1	TBX20	1.04e+00	46	0	3	13	1.75e-07	1.57e-06
meme.xml	GCCTCAGCCTCCYAARKWGCTGGGATTACA	MEME-2	GCCTCAGCCTCCYAARKWGCTGGGATTACA	JASPAR_CORE_2016_vertebrates	MA0690.1	TBX21	AAGGTGTGAA	0	0	JASPAR_CORE_2016_vertebrates	MA0689.1	TBX20	1.04e+00	46	4	3	13	1.38e-06	1.24e-05
meme.xml	GCCTCAGCCTCCYAARKWGCTGGGATTACA	MEME-2	GCCTCAGCCTCCYAARKWGCTGGGATTACA	JASPAR_CORE_2016_vertebrates	MA0690.1	TBX21	AAGGTGTGAA	0	0	JASPAR_CORE_2016_vertebrates	MA0689.1	TBX20	1.04e+00	46	5	3	13	1.38e-06	1.24e-05
meme.xml	GCCTCAGCCTCCYAARKWGCTGGGATTACA	MEME-2	GCCTCAGCCTCCYAARKWGCTGGGATTACA	JASPAR_CORE_2016_vertebrates	MA0805.1	TBX1	AGGTGTGA	0	0	JASPAR_CORE_2016_vertebrates	MA0689.1	TBX20	1.61e+00	47	0	3	15	2.66e-07	2.39e-06
meme.xml	GCCTCAGCCTCCYAARKWGCTGGGATTACA	MEME-2	GCCTCAGCCTCCYAARKWGCTGGGATTACA	JASPAR_CORE_2016_vertebrates	MA0805.1	TBX1	AGGTGTGA	0	0	JASPAR_CORE_2016_vertebrates	MA0689.1	TBX20	1.61e+00	47	4	3	15	2.09e-06	1.88e-05
meme.xml	GCCTCAGCCTCCYAARKWGCTGGGATTACA	MEME-2	GCCTCAGCCTCCYAARKWGCTGGGATTACA	JASPAR_CORE_2016_vertebrates	MA0805.1	TBX1	AGGTGTGA	0	0	JASPAR_CORE_2016_vertebrates	MA0689.1	TBX20	1.61e+00	47	5	3	15	2.09e-06	1.88e-05
meme.xml	GCCTCAGCCTCCYAARKWGCTGGGATTACA	MEME-2	GCCTCAGCCTCCYAARKWGCTGGGATTACA	JASPAR_CORE_2016_vertebrates	MA0802.1	TBR1	AGGTGTGAAA	0	0	JASPAR_CORE_2016_vertebrates	MA0689.1	TBX20	1.65e+00	45	0	3	15	2.77e-07	2.50e-06
meme.xml	GCCTCAGCCTCCYAARKWGCTGGGATTACA	MEME-2	GCCTCAGCCTCCYAARKWGCTGGGATTACA	JASPAR_CORE_2016_vertebrates	MA0802.1	TBR1	AGGTGTGAAA	0	0	JASPAR_CORE_2016_vertebrates	MA0689.1	TBX20	1.65e+00	45	4	3	15	2.18e-06	1.97e-05
meme.xml	GCCTCAGCCTCCYAARKWGCTGGGATTACA	MEME-2	GCCTCAGCCTCCYAARKWGCTGGGATTACA	JASPAR_CORE_2016_vertebrates	MA0802.1	TBR1	AGGTGTGAAA	0	0	JASPAR_CORE_2016_vertebrates	MA0689.1	TBX20	1.65e+00	45	5	3	15	2.18e-06	1.97e-05
meme.xml	GCCTCAGCCTCCYAARKWGCTGGGATTACA	MEME-2	GCCTCAGCCTCCYAARKWGCTGGGATTACA	JASPAR_CORE_2016_vertebrates	MA0800.1	EOMES	RAGGTGTGAAAWN	1	3	JASPAR_CORE_2016_vertebrates	MA0689.1	TBX20	2.42e+00	46	0	3	17	4.05e-07	3.64e-06
meme.xml	GCCTCAGCCTCCYAARKWGCTGGGATTACA	MEME-2	GCCTCAGCCTCCYAARKWGCTGGGATTACA	JASPAR_CORE_2016_vertebrates	MA0800.1	EOMES	RAGGTGTGAAAWN	1	3	JASPAR_CORE_2016_vertebrates	MA0689.1	TBX20	2.42e+00	46	4	3	17	3.18e-06	2.86e-05
meme.xml	GCCTCAGCCTCCYAARKWGCTGGGATTACA	MEME-2	GCCTCAGCCTCCYAARKWGCTGGGATTACA	JASPAR_CORE_2016_vertebrates	MA0800.1	EOMES	RAGGTGTGAAAWN	1	3	JASPAR_CORE_2016_vertebrates	MA0689.1	TBX20	2.42e+00	46	5	3	17	3.18e-06	2.86e-05
meme.xml	GCCTCAGCCTCCYAARKWGCTGGGATTACA	MEME-2	GCCTCAGCCTCCYAARKWGCTGGGATTACA	JASPAR_CORE_2016_vertebrates	MA0803.1	TBX15	AGGTGTGA	0	0	JASPAR_CORE_2016_vertebrates	MA0689.1	TBX20	2.86e+00	47	0	3	18	4.75e-07	4.28e-06
meme.xml	GCCTCAGCCTCCYAARKWGCTGGGATTACA	MEME-2	GCCTCAGCCTCCYAARKWGCTGGGATTACA	JASPAR_CORE_2016_vertebrates	MA0803.1	TBX15	AGGTGTGA	0	0	JASPAR_CORE_2016_vertebrates	MA0689.1	TBX20	2.86e+00	47	4	3	18	3.73e-06	3.35e-05
meme.xml	GCCTCAGCCTCCYAARKWGCTGGGATTACA	MEME-2	GCCTCAGCCTCCYAARKWGCTGGGATTACA	JASPAR_CORE_2016_vertebrates	MA0803.1	TBX15	AGGTGTGA	0	0	JASPAR_CORE_2016_vertebrates	MA0689.1	TBX20	2.86e+00	47	5	3	18	3.73e-06	3.35e-05
meme.xml	GCCTCAGCCTCCYAARKWGCTGGGATTACA	MEME-2	GCCTCAGCCTCCYAARKWGCTGGGATTACA	JASPAR_CORE_2016_vertebrates	MA0801.1	MGA	AGGTGTGA	0	0	JASPAR_CORE_2016_vertebrates	MA0689.1	TBX20	6.16e+00	47	0	3	23	1.02e-06	9.22e-06
meme.xml	GCCTCAGCCTCCYAARKWGCTGGGATTACA	MEME-2	GCCTCAGCCTCCYAARKWGCTGGGATTACA	JASPAR_CORE_2016_vertebrates	MA0801.1	MGA	AGGTGTGA	0	0	JASPAR_CORE_2016_vertebrates	MA0689.1	TBX20	6.16e+00	11	3	3	23	1.02e-06	9.22e-06
meme.xml	GCCTCAGCCTCCYAARKWGCTGGGATTACA	MEME-2	GCCTCAGCCTCCYAARKWGCTGGGATTACA	JASPAR_CORE_2016_vertebrates	MA0688.1	TBX2	DAGGTGTGAAA	1	1	JASPAR_CORE_2016_vertebrates	MA0689.1	TBX20	6.24e+00	46	0	3	23	1.05e-06	9.41e-06
meme.xml	GCCTCAGCCTCCYAARKWGCTGGGATTACA	MEME-2	GCCTCAGCCTCCYAARKWGCTGGGATTACA	JASPAR_CORE_2016_vertebrates	MA0807.1	TBX5	AGGTGTKA	0	0	.	.	.	1.44e-01	11	3	4	29	2.38e-08	2.14e-07
meme.xml	GCCTCAGCCTCCYAARKWGCTGGGATTACA	MEME-2	GCCTCAGCCTCCYAARKWGCTGGGATTACA	JASPAR_CORE_2016_vertebrates	MA0807.1	TBX5	AGGTGTKA	0	0	.	.	.	1.44e-01	11	5	4	29	3.68e-07	3.31e-06
meme.xml	GCCTCAGCCTCCYAARKWGCTGGGATTACA	MEME-2	GCCTCAGCCTCCYAARKWGCTGGGATTACA	JASPAR_CORE_2016_vertebrates	MA0807.1	TBX5	AGGTGTKA	0	0	.	.	.	1.44e-01	11	7	4	29	3.68e-07	3.31e-06
meme.xml	GCCTCAGCCTCCYAARKWGCTGGGATTACA	MEME-2	GCCTCAGCCTCCYAARKWGCTGGGATTACA	JASPAR_CORE_2016_vertebrates	MA0807.1	TBX5	AGGTGTKA	0	0	.	.	.	1.44e-01	47	0	3	29	2.10e-06	1.89e-05
meme.xml	GCCTCAGCCTCCYAARKWGCTGGGATTACA	MEME-2	GCCTCAGCCTCCYAARKWGCTGGGATTACA	JASPAR_CORE_2016_vertebrates	MA0820.1	FIGLA	WMCACCTGKW	0	1	.	.	.	2.52e-01	12	2	4	33	4.19e-08	3.77e-07
meme.xml	GCCTCAGCCTCCYAARKWGCTGGGATTACA	MEME-2	GCCTCAGCCTCCYAARKWGCTGGGATTACA	JASPAR_CORE_2016_vertebrates	MA0820.1	FIGLA	WMCACCTGKW	0	1	.	.	.	2.52e-01	99	1	4	33	4.19e-08	3.77e-07
meme.xml	GCCTCAGCCTCCYAARKWGCTGGGATTACA	MEME-2	GCCTCAGCCTCCYAARKWGCTGGGATTACA	JASPAR_CORE_2016_vertebrates	MA0820.1	FIGLA	WMCACCTGKW	0	1	.	.	.	2.52e-01	99	4	4	33	6.44e-07	5.80e-06
meme.xml	GCCTCAGCCTCCYAARKWGCTGGGATTACA	MEME-2	GCCTCAGCCTCCYAARKWGCTGGGATTACA	JASPAR_CORE_2016_vertebrates	MA0820.1	FIGLA	WMCACCTGKW	0	1	.	.	.	2.52e-01	12	6	4	33	6.44e-07	5.80e-06
meme.xml	GCCTCAGCCTCCYAARKWGCTGGGATTACA	MEME-2	GCCTCAGCCTCCYAARKWGCTGGGATTACA	JASPAR_CORE_2016_vertebrates	MA0820.1	FIGLA	WMCACCTGKW	0	1	.	.	.	2.52e-01	99	6	4	33	6.44e-07	5.80e-06
meme.xml	GCCTCAGCCTCCYAARKWGCTGGGATTACA	MEME-2	GCCTCAGCCTCCYAARKWGCTGGGATTACA	JASPAR_CORE_2016_vertebrates	MA0820.1	FIGLA	WMCACCTGKW	0	1	.	.	.	2.52e-01	12	7	4	33	6.44e-07	5.80e-06
meme.xml	GCCTCAGCCTCCYAARKWGCTGGGATTACA	MEME-2	GCCTCAGCCTCCYAARKWGCTGGGATTACA	JASPAR_CORE_2016_vertebrates	MA0671.1	NFIX	NNTGCCAAN	2	1	.	.	.	4.72e-01	38	1	4	39	7.70e-08	6.93e-07
meme.xml	GCCTCAGCCTCCYAARKWGCTGGGATTACA	MEME-2	GCCTCAGCCTCCYAARKWGCTGGGATTACA	JASPAR_CORE_2016_vertebrates	MA0671.1	NFIX	NNTGCCAAN	2	1	.	.	.	4.72e-01	38	4	4	39	1.17e-06	1.06e-05
meme.xml	GCCTCAGCCTCCYAARKWGCTGGGATTACA	MEME-2	GCCTCAGCCTCCYAARKWGCTGGGATTACA	JASPAR_CORE_2016_vertebrates	MA0671.1	NFIX	NNTGCCAAN	2	1	.	.	.	4.72e-01	38	6	4	39	1.17e-06	1.06e-05
meme.xml	GCCTCAGCCTCCYAARKWGCTGGGATTACA	MEME-2	GCCTCAGCCTCCYAARKWGCTGGGATTACA	JASPAR_CORE_2016_vertebrates	MA0087.1	Sox5	ATTGTTD	0	1	.	.	.	5.70e-01	6	1	3	11	9.30e-08	8.37e-07
meme.xml	GCCTCAGCCTCCYAARKWGCTGGGATTACA	MEME-2	GCCTCAGCCTCCYAARKWGCTGGGATTACA	JASPAR_CORE_2016_vertebrates	MA0087.1	Sox5	ATTGTTD	0	1	.	.	.	5.70e-01	6	4	3	11	7.36e-07	6.63e-06
meme.xml	GCCTCAGCCTCCYAARKWGCTGGGATTACA	MEME-2	GCCTCAGCCTCCYAARKWGCTGGGATTACA	JASPAR_CORE_2016_vertebrates	MA0087.1	Sox5	ATTGTTD	0	1	.	.	.	5.70e-01	6	6	3	11	7.36e-07	6.63e-06
meme.xml	GCCTCAGCCTCCYAARKWGCTGGGATTACA	MEME-2	GCCTCAGCCTCCYAARKWGCTGGGATTACA	JASPAR_CORE_2016_vertebrates	MA0259.1	ARNT::HIF1A	VBACGTGC	0	1	.	.	.	5.78e-01	12	3	3	11	9.49e-08	8.54e-07
meme.xml	GCCTCAGCCTCCYAARKWGCTGGGATTACA	MEME-2	GCCTCAGCCTCCYAARKWGCTGGGATTACA	JASPAR_CORE_2016_vertebrates	MA0259.1	ARNT::HIF1A	VBACGTGC	0	1	.	.	.	5.78e-01	12	5	3	11	7.52e-07	6.76e-06
meme.xml	GCCTCAGCCTCCYAARKWGCTGGGATTACA	MEME-2	GCCTCAGCCTCCYAARKWGCTGGGATTACA	JASPAR_CORE_2016_vertebrates	MA0259.1	ARNT::HIF1A	VBACGTGC	0	1	.	.	.	5.78e-01	12	7	3	11	7.52e-07	6.76e-06
meme.xml	GCCTCAGCCTCCYAARKWGCTGGGATTACA	MEME-2	GCCTCAGCCTCCYAARKWGCTGGGATTACA	JASPAR_CORE_2016_vertebrates	MA0065.2	Pparg::Rxra	STRGGGCARAGGKCA	1	0	.	.	.	1.40e+00	13	1	3	14	2.42e-07	2.18e-06
meme.xml	GCCTCAGCCTCCYAARKWGCTGGGATTACA	MEME-2	GCCTCAGCCTCCYAARKWGCTGGGATTACA	JASPAR_CORE_2016_vertebrates	MA0065.2	Pparg::Rxra	STRGGGCARAGGKCA	1	0	.	.	.	1.40e+00	13	4	3	14	1.91e-06	1.72e-05
meme.xml	GCCTCAGCCTCCYAARKWGCTGGGATTACA	MEME-2	GCCTCAGCCTCCYAARKWGCTGGGATTACA	JASPAR_CORE_2016_vertebrates	MA0065.2	Pparg::Rxra	STRGGGCARAGGKCA	1	0	.	.	.	1.40e+00	13	6	3	14	1.91e-06	1.72e-05
meme.xml	GCCTCAGCCTCCYAARKWGCTGGGATTACA	MEME-2	GCCTCAGCCTCCYAARKWGCTGGGATTACA	JASPAR_CORE_2016_vertebrates	MA0747.1	SP8	RCCACGCCCMCY	0	0	.	.	.	1.70e+00	10	2	3	15	2.89e-07	2.60e-06
meme.xml	GCCTCAGCCTCCYAARKWGCTGGGATTACA	MEME-2	GCCTCAGCCTCCYAARKWGCTGGGATTACA	JASPAR_CORE_2016_vertebrates	MA0747.1	SP8	RCCACGCCCMCY	0	0	.	.	.	1.70e+00	10	6	3	15	2.28e-06	2.05e-05
meme.xml	GCCTCAGCCTCCYAARKWGCTGGGATTACA	MEME-2	GCCTCAGCCTCCYAARKWGCTGGGATTACA	JASPAR_CORE_2016_vertebrates	MA0747.1	SP8	RCCACGCCCMCY	0	0	.	.	.	1.70e+00	10	7	3	15	2.28e-06	2.05e-05
meme.xml	GCCTCAGCCTCCYAARKWGCTGGGATTACA	MEME-2	GCCTCAGCCTCCYAARKWGCTGGGATTACA	JASPAR_CORE_2016_vertebrates	MA0018.2	CREB1	TGACGTCA	0	0	.	.	.	3.99e+00	12	1	3	20	6.62e-07	5.96e-06
meme.xml	GCCTCAGCCTCCYAARKWGCTGGGATTACA	MEME-2	GCCTCAGCCTCCYAARKWGCTGGGATTACA	JASPAR_CORE_2016_vertebrates	MA0003.3	TFAP2A	HGCCYSAGGCD	1	1	.	.	.	4.04e+00	9	0	3	20	6.76e-07	6.08e-06
meme.xml	GCCTCAGCCTCCYAARKWGCTGGGATTACA	MEME-2	GCCTCAGCCTCCYAARKWGCTGGGATTACA	JASPAR_CORE_2016_vertebrates	MA0738.1	HIC2	RTGCCCRSB	0	2	.	.	.	9.94e+00	13	2	3	27	1.65e-06	1.48e-05

# SpaMo (Spaced Motif Analysis Tool): Version 5.0.2 compiled on Nov  7 2018 at 18:10:32
# The format of this file is described at http://meme-suite.org//doc/spamo-output-format.html.
# spamo -verbosity 1 -oc pipeline/MEME/output_meme-chip/spamo_out_2 -bgfile pipeline/MEME/output_meme-chip/background -keepprimary -primary GCCTCAGCCTCCYAARKWGCTGGGATTACA pipeline/MEME/output_meme-chip/H3K27me3_peaks.fa pipeline/MEME/output_meme-chip/meme_out/meme.xml pipeline/MEME/output_meme-chip/meme_out/meme.xml meme/db/motif_databases/JASPAR/JASPAR_CORE_2016_vertebrates.meme
